Entity,Week_Num,Week_Start,Week_End,Total_Net,Total_Inflow,Total_Outflow,Outflow_Abs,Transaction_Count,Inflow_Count,Outflow_Count,Avg_Transaction,Avg_Inflow,Avg_Outflow,Max_Transaction,Min_Transaction,Cat_AP_Net,Cat_AP_Count,Cat_Payroll_Net,Cat_Payroll_Count,Cat_Bank_charges_Net,Cat_Bank_charges_Count,Cat_Custom_and_Duty_Net,Cat_Custom_and_Duty_Count,Cat_Other_receipt_Net,Cat_Other_receipt_Count,Cat_AR_Net,Cat_AR_Count,Cat_Non_Netting_AP_Net,Cat_Non_Netting_AP_Count,Cat_Loan_payment_Net,Cat_Loan_payment_Count,Cat_Tax_payable_Net,Cat_Tax_payable_Count,Cat_Statutory_contribution_Net,Cat_Statutory_contribution_Count,Cat_Interest_income_Net,Cat_Interest_income_Count,Cat_Other_Net,Cat_Other_Count,Cat_Interest_charges_Net,Cat_Interest_charges_Count,Cat_Loan_payment_and_interest_charges_Net,Cat_Loan_payment_and_interest_charges_Count,Cat_Loan_receipt_Net,Cat_Loan_receipt_Count,Cat_Dividend_payout_Net,Cat_Dividend_payout_Count,Cat_Netting_AP_Net,Cat_Netting_AP_Count,Cat_Netting_AR_Net,Cat_Netting_AR_Count,Cat_Non_Netting_AR_Net,Cat_Non_Netting_AR_Count,PK40_Amount,PK50_Amount,PK40_Count,PK50_Count,Month,Week_of_Month,Is_Month_End,Quarter,Net_Lag1,Inflow_Lag1,Outflow_Lag1,Net_Lag2,Inflow_Lag2,Outflow_Lag2,Net_Lag4,Inflow_Lag4,Outflow_Lag4,Net_Rolling4_Mean,Net_Rolling4_Std,Cumulative_Net,Cat_AP_Lag1,Cat_AP_Rolling4_Mean,Cat_Payroll_Lag1,Cat_Payroll_Rolling4_Mean,Cat_Bank_charges_Lag1,Cat_Bank_charges_Rolling4_Mean,Cat_Custom_and_Duty_Lag1,Cat_Custom_and_Duty_Rolling4_Mean,Cat_Other_receipt_Lag1,Cat_Other_receipt_Rolling4_Mean,Cat_AR_Lag1,Cat_AR_Rolling4_Mean,Cat_Nonting_AP_Lag1,Cat_Nonting_AP_Rolling4_Mean,Cat_Loan_payment_Lag1,Cat_Loan_payment_Rolling4_Mean,Cat_Tax_payable_Lag1,Cat_Tax_payable_Rolling4_Mean,Cat_Statutory_contribution_Lag1,Cat_Statutory_contribution_Rolling4_Mean,Cat_Interest_income_Lag1,Cat_Interest_income_Rolling4_Mean,Cat_Other_Lag1,Cat_Other_Rolling4_Mean,Cat_Interest_charges_Lag1,Cat_Interest_charges_Rolling4_Mean,Cat_Loan_payment_and_interest_charges_Lag1,Cat_Loan_payment_and_interest_charges_Rolling4_Mean,Cat_Loan_receipt_Lag1,Cat_Loan_receipt_Rolling4_Mean,Cat_Dividend_payout_Lag1,Cat_Dividend_payout_Rolling4_Mean,Cat_Netting_AP_Lag1,Cat_Netting_AP_Rolling4_Mean,Cat_Netting_AR_Lag1,Cat_Netting_AR_Rolling4_Mean,Cat_Nonting_AR_Lag1,Cat_Nonting_AR_Rolling4_Mean,AP_Ratio,Payroll_Ratio,Bank_charges_Ratio,Custom_and_Duty_Ratio,Other_receipt_Ratio,AR_Ratio,Nonting_AP_Ratio,Loan_payment_Ratio,Tax_payable_Ratio,Statutory_contribution_Ratio,Interest_income_Ratio,Other_Ratio,Interest_charges_Ratio,Loan_payment_and_interest_charges_Ratio,Loan_receipt_Ratio,Dividend_payout_Ratio,Netting_AP_Ratio,Netting_AR_Ratio,Nonting_AR_Ratio,AP_AR_Ratio,Inflow_Concentration
VN20,1,2025-01-01,2025-01-07,-33906.490889999994,887.0003800000001,-34793.491270000006,34793.491270000006,512,4,508,-66.22361501953124,221.75009500000002,-68.49112454724411,839.58,-5760.59,-34778.30057,255,0.0,0,-15.190699999999998,253,0.0,0,887.0003800000001,4,0.0,0,0.0,0,0.0,0,0.0,0,0.0,0,0.0,0,0.0,0,0.0,0,0.0,0,0.0,0,0.0,0,0.0,0,0.0,0,0.0,0,887.0003800000001,-34793.491270000006,4,508,1,1,False,1,0.0,0.0,0.0,0.0,0.0,0.0,0.0,0.0,0.0,-33906.490889999994,0.0,-33906.490889999994,0.0,-34778.30057,0.0,0.0,0.0,-15.190699999999998,0.0,0.0,0.0,887.0003800000001,0.0,0.0,0.0,0.0,0.0,0.0,0.0,0.0,0.0,0.0,0.0,0.0,0.0,0.0,0.0,0.0,0.0,0.0,0.0,0.0,0.0,0.0,0.0,0.0,0.0,0.0,0.0,0.0,0.9747147239771847,0.0,0.00042574245189808075,0.0,0.024859533570917035,0.0,0.0,0.0,0.0,0.0,0.0,0.0,0.0,0.0,0.0,0.0,0.0,0.0,0.0,34778.30057,1.0
VN20,2,2025-01-08,2025-01-14,142940.48303999996,367319.72578,-224379.24274,224379.24274,361,20,341,395.95701673130185,18365.986289,-658.003644398827,141533.99,-91770.32,-132591.51200999998,170,-91770.32,1,-17.41073,170,0.0,0,57.56141,11,367262.16437,9,0.0,0,0.0,0,0.0,0,0.0,0,0.0,0,0.0,0,0.0,0,0.0,0,0.0,0,0.0,0,0.0,0,0.0,0,0.0,0,367319.72578,-224379.24274,20,341,1,2,False,1,-33906.490889999994,887.0003800000001,-34793.491270000006,0.0,0.0,0.0,0.0,0.0,0.0,54516.99607499999,125049.69449822356,109033.99214999998,-34778.30057,-83684.90628999998,0.0,-45885.16,-15.190699999999998,-16.300715,0.0,0.0,887.0003800000001,472.28089500000004,0.0,183631.082185,0.0,0.0,0.0,0.0,0.0,0.0,0.0,0.0,0.0,0.0,0.0,0.0,0.0,0.0,0.0,0.0,0.0,0.0,0.0,0.0,0.0,0.0,0.0,0.0,0.0,0.0,0.22408609624865056,0.15509629876412076,2.9424979468105158e-05,0.0,9.728157908400067e-05,0.6206908984286765,0.0,0.0,0.0,0.0,0.0,0.0,0.0,0.0,0.0,0.0,0.0,0.0,0.0,0.3610268763662244,0.9996866359974141
VN20,3,2025-01-15,2025-01-21,311822.90898999997,409521.75642,-97698.84743,97698.84743,572,6,566,545.1449457867133,68253.62607,-172.6128046466431,297962.35,-20794.04,-97675.62315,284,0.0,0,-23.22428,282,0.0,0,35.09642,4,409486.66,2,0.0,0,0.0,0,0.0,0,0.0,0,0.0,0,0.0,0,0.0,0,0.0,0,0.0,0,0.0,0,0.0,0,0.0,0,0.0,0,409521.75642,-97698.84743,6,566,1,3,False,1,142940.48303999996,367319.72578,-224379.24274,-33906.490889999994,887.0003800000001,-34793.491270000006,0.0,0.0,0.0,140285.6337133333,172879.9891660591,420856.90114,-132591.51200999998,-88348.47857666666,-91770.32,-30590.10666666667,-17.41073,-18.60857,0.0,0.0,57.56141,326.5527366666667,367262.16437,258916.27479000002,0.0,0.0,0.0,0.0,0.0,0.0,0.0,0.0,0.0,0.0,0.0,0.0,0.0,0.0,0.0,0.0,0.0,0.0,0.0,0.0,0.0,0.0,0.0,0.0,0.0,0.0,0.1925702986207665,0.0,4.578733557690433e-05,0.0,6.919360083877634e-05,0.8073147204428178,0.0,0.0,0.0,0.0,0.0,0.0,0.0,0.0,0.0,0.0,0.0,0.0,0.0,0.23853188074551684,0.9998286127090834
VN20,4,2025-01-22,2025-01-28,-16820.61457,14.82888,-16835.443450000002,16835.443450000002,193,1,192,-87.15344336787565,14.82888,-87.68460130208335,14.82888,-5553.2,-16826.80795,96,0.0,0,-8.6355,96,0.0,0,14.82888,1,0.0,0,0.0,0,0.0,0,0.0,0,0.0,0,0.0,0,0.0,0,0.0,0,0.0,0,0.0,0,0.0,0,0.0,0,0.0,0,0.0,0,14.82888,-16835.443450000002,1,192,1,4,True,1,311822.90898999997,409521.75642,-97698.84743,142940.48303999996,367319.72578,-224379.24274,0.0,0.0,0.0,101009.07164249998,161541.28599768924,404036.28656999994,-97675.62315,-70468.06091999999,0.0,-22942.58,-23.22428,-16.1153025,0.0,0.0,35.09642,248.62177250000002,409486.66,194187.2060925,0.0,0.0,0.0,0.0,0.0,0.0,0.0,0.0,0.0,0.0,0.0,0.0,0.0,0.0,0.0,0.0,0.0,0.0,0.0,0.0,0.0,0.0,0.0,0.0,0.0,0.0,0.9986074776988483,0.0,0.0005124842988220118,0.0,0.0008800380023294257,0.0,0.0,0.0,0.0,0.0,0.0,0.0,0.0,0.0,0.0,0.0,0.0,0.0,0.0,16826.80795,1.0
VN20,5,2025-01-29,2025-02-04,-993605.4013300003,1100268.16088,-2093873.56221,2093873.56221,171,11,160,-5810.557902514622,100024.37826181819,-13086.7097638125,710116.2,-1725721.12,-99530.52683,77,0.0,0,-28.55538000000001,79,0.0,0,126.83088,6,202426.66,3,0.0,0,0.0,0,0.0,0,0.0,0,0.0,0,0.0,0,0.0,0,0.0,0,187598.47,1,0.0,0,-1994314.48,4,710116.2,1,0.0,0,1100268.16088,-2093873.56221,11,160,1,5,True,1,-16820.61457,14.82888,-16835.443450000002,311822.90898999997,409521.75642,-97698.84743,-33906.490889999994,887.0003800000001,-34793.491270000006,-138915.65596750006,585380.1889933966,-589569.1147600003,-16826.80795,-86656.117485,0.0,-22942.58,-8.6355,-19.456472500000004,0.0,0.0,14.82888,58.5793975,0.0,244793.8710925,0.0,0.0,0.0,0.0,0.0,0.0,0.0,0.0,0.0,0.0,0.0,0.0,0.0,0.0,0.0,0.0,0.0,46899.6175,0.0,0.0,0.0,-498578.62,0.0,177529.05,0.0,0.0,0.03116033521947629,0.0,8.939922669547565e-06,0.0,3.970734269026244e-05,0.06337435140610269,0.0,0.0,0.0,0.0,0.0,0.0,0.0,0.0,0.05873204330411425,0.0,0.6243663096046684,0.22231831320027853,0.0,0.49168685009178137,0.4794643602055604
VN20,6,2025-02-05,2025-02-11,187142.28837000002,215922.54551,-28780.25714,28780.25714,184,8,175,1017.0776541847828,26990.31818875,-164.45861222857144,105913.48,-4260.1,-28769.221759999997,89,0.0,0,-11.035379999999998,87,0.0,0,564.5155099999998,5,215358.03,3,0.0,0,0.0,0,0.0,0,0.0,0,0.0,0,0.0,0,0.0,0,0.0,0,0.0,0,0.0,0,0.0,0,0.0,0,0.0,0,215922.54551,-28780.257139999994,8,176,2,1,False,1,-993605.4013300003,1100268.16088,-2093873.56221,-16820.61457,14.82888,-16835.443450000002,142940.48303999996,367319.72578,-224379.24274,-127865.20463500005,592844.090541127,-402426.82639000023,-99530.52683,-60700.5449225,0.0,0.0,-28.55538000000001,-17.862635,0.0,0.0,126.83088,185.31792249999995,202426.66,206817.8375,0.0,0.0,0.0,0.0,0.0,0.0,0.0,0.0,0.0,0.0,0.0,0.0,0.0,0.0,0.0,0.0,187598.47,46899.6175,0.0,0.0,-1994314.48,-498578.62,710116.2,177529.05,0.0,0.0,0.117568010862339,0.0,4.509707236898293e-05,0.0,0.002306943377381051,0.880079948687911,0.0,0.0,0.0,0.0,0.0,0.0,0.0,0.0,0.0,0.0,0.0,0.0,0.0,0.13358787578062448,0.994784800082523
VN20,7,2025-02-12,2025-02-18,493919.29792000004,528256.6034199999,-34337.305499999995,34337.305499999995,414,10,404,1193.041782415459,52825.660341999996,-84.99333044554454,203838.58,-4192.2,-34326.41587,204,0.0,0,-10.88963,200,0.0,0,39.303419999999996,6,528217.3,4,0.0,0,0.0,0,0.0,0,0.0,0,0.0,0,0.0,0,0.0,0,0.0,0,0.0,0,0.0,0,0.0,0,0.0,0,0.0,0,528256.6034199999,-34337.305499999995,10,404,2,2,False,1,187142.28837000002,215922.54551,-28780.25714,-993605.4013300003,1100268.16088,-2093873.56221,311822.90898999997,409521.75642,-97698.84743,-82341.10740250006,642752.6490825039,91492.4715299998,-28769.221759999997,-44863.2431025,0.0,0.0,-11.035379999999998,-14.778972500000002,0.0,0.0,564.5155099999998,186.36967249999995,215358.03,236500.4975,0.0,0.0,0.0,0.0,0.0,0.0,0.0,0.0,0.0,0.0,0.0,0.0,0.0,0.0,0.0,0.0,0.0,46899.6175,0.0,0.0,0.0,-498578.62,0.0,177529.05,0.0,0.0,0.06101455299417606,0.0,1.9356110735191926e-05,0.0,6.986108341530033e-05,0.9388962298116736,0.0,0.0,0.0,0.0,0.0,0.0,0.0,0.0,0.0,0.0,0.0,0.0,0.0,0.0649854063280396,0.9998512067980327
VN20,8,2025-02-19,2025-02-25,-934187.24195,265249.14741000003,-1199436.38936,1199436.38936,292,29,263,-3199.2713765410963,9146.52232448276,-4560.59463634981,115965.24,-732663.15,-111096.43100000001,127,-151149.26,2,-23.32836,129,0.0,0,78.24916999999999,3,57736.4,2,0.0,0,-937167.37,5,0.0,0,0.0,0,0.0,0,0.0,0,0.0,0,0.0,0,128074.15824,23,0.0,0,0.0,0,79360.34,1,0.0,0,265249.14741000003,-1199436.38936,29,263,2,3,False,1,493919.29792000004,528256.6034199999,-34337.305499999995,187142.28837000002,215922.54551,-28780.25714,-16820.61457,14.82888,-16835.443450000002,-311682.76424750005,763839.2988520979,-842694.7704200002,-34326.41587,-68430.64886500001,0.0,-37787.315,-10.88963,-18.4521875,0.0,0.0,39.303419999999996,202.22474499999996,528217.3,250934.5975,0.0,0.0,0.0,-234291.8425,0.0,0.0,0.0,0.0,0.0,0.0,0.0,0.0,0.0,0.0,0.0,0.0,0.0,78918.15706,0.0,0.0,0.0,-498578.62,0.0,197369.13499999998,0.0,0.0,0.07585002255500904,0.103195707341606,1.5927214008984415e-05,0.0,5.342387019985129e-05,0.039418973254370555,0.0,0.6398420319399684,0.0,0.0,0.0,0.0,0.0,0.0,0.08744140296656151,0.0,0.0,0.05418251085827577,0.0,1.9242008680832197,0.37003440742584537
VN20,9,2025-02-26,2025-03-04,-135173.7568399998,1660598.0777599998,-1795771.8346,1795771.8346,259,9,250,-521.9063970656364,184510.89752888886,-7183.0873384,1060635.96,-1037655.48,-41383.433970000006,123,0.0,0,-10.08063,124,0.0,0,200.09776,6,599762.02,2,0.0,0,-1754378.3199999998,3,0.0,0,0.0,0,0.0,0,0.0,0,0.0,0,0.0,0,0.0,0,0.0,0,0.0,0,1060635.96,1,0.0,0,1660598.0777599998,-1795771.8346,9,250,2,4,True,1,-934187.24195,265249.14741000003,-1199436.38936,493919.29792000004,528256.6034199999,-34337.305499999995,-993605.4013300003,1100268.16088,-2093873.56221,-97074.85312499997,614345.7626010432,-977868.5272600001,-111096.43100000001,-53893.87565,-151149.26,-37787.315,-23.32836,-13.833499999999999,0.0,0.0,78.24916999999999,220.54146499999996,57736.4,350268.4375,0.0,0.0,-937167.37,-672886.4225,0.0,0.0,0.0,0.0,0.0,0.0,0.0,0.0,0.0,0.0,0.0,0.0,128074.15824,32018.53956,0.0,0.0,0.0,0.0,79360.34,284999.07499999995,0.0,0.0,0.011973091717415025,0.0,2.9165367873246454e-06,0.0,5.789246089790598e-05,0.17352367808064972,0.0,0.5075782871868929,0.0,0.0,0.0,0.0,0.0,0.0,0.0,0.0,0.0,0.3068641340173572,0.0,0.06899975755383778,0.5383923378329434
VN20,10,2025-03-05,2025-03-11,-26042.70394,1220.17494,-27262.87888,27262.87888,236,5,231,-110.35044042372881,244.03498800000003,-118.0211206926407,1216.22,-3473.76,-27249.83615,115,0.0,0,-13.042729999999999,116,0.0,0,1220.17494,5,0.0,0,0.0,0,0.0,0,0.0,0,0.0,0,0.0,0,0.0,0,0.0,0,0.0,0,0.0,0,0.0,0,0.0,0,0.0,0,0.0,0,1220.17494,-27262.87888,5,231,3,1,False,1,-135173.7568399998,1660598.0777599998,-1795771.8346,-934187.24195,265249.14741000003,-1199436.38936,187142.28837000002,215922.54551,-28780.25714,-150371.10120249997,590244.6867018428,-1003911.2312000002,-41383.433970000006,-53514.02924750001,0.0,-37787.315,-10.08063,-14.3353375,0.0,0.0,200.09776,384.45632250000006,599762.02,296428.93,0.0,0.0,-1754378.3199999998,-672886.4225,0.0,0.0,0.0,0.0,0.0,0.0,0.0,0.0,0.0,0.0,0.0,0.0,0.0,32018.53956,0.0,0.0,0.0,0.0,1060635.96,284999.07499999995,0.0,0.0,0.956703460317374,0.0,0.0004579119248386828,0.0,0.04283862775778725,0.0,0.0,0.0,0.0,0.0,0.0,0.0,0.0,0.0,0.0,0.0,0.0,0.0,0.0,27249.83615,1.0
VN20,11,2025-03-12,2025-03-18,195001.88318,243253.69177,-48251.80859000001,48251.80859000001,226,10,216,862.8401910619469,24325.369177,-223.38800273148152,123851.37,-13145.55,-48241.466360000006,108,0.0,0,-10.34223,108,0.0,0,1237.2434099999998,7,242016.44836,3,0.0,0,0.0,0,0.0,0,0.0,0,0.0,0,0.0,0,0.0,0,0.0,0,0.0,0,0.0,0,0.0,0,0.0,0,0.0,0,243253.69177,-48251.80859000001,10,216,3,2,False,1,-26042.70394,1220.17494,-27262.87888,-135173.7568399998,1660598.0777599998,-1795771.8346,493919.29792000004,528256.6034199999,-34337.305499999995,-225100.4548875,492273.92282156704,-808909.3480200002,-27249.83615,-56992.79187000001,0.0,-37787.315,-13.042729999999999,-14.1984875,0.0,0.0,1220.17494,683.9413199999999,0.0,224878.71709,0.0,0.0,0.0,-672886.4225,0.0,0.0,0.0,0.0,0.0,0.0,0.0,0.0,0.0,0.0,0.0,0.0,0.0,32018.53956,0.0,0.0,0.0,0.0,0.0,284999.07499999995,0.0,0.0,0.16549075849485972,0.0,3.547867874612203e-05,0.0,0.004244322691928776,0.8302294401344654,0.0,0.0,0.0,0.0,0.0,0.0,0.0,0.0,0.0,0.0,0.0,0.0,0.0,0.1993313540749128,0.9898792861013734
VN20,12,2025-03-19,2025-03-25,-120023.30181999998,225108.25266,-345131.55448,345131.55448,221,4,217,-543.091863438914,56277.063165,-1590.4679929953916,223880.69,-298793.66,-46319.95517,110,-298793.66,1,-17.939310000000003,106,0.0,0,1227.56266,3,223880.69,1,0.0,0,0.0,0,0.0,0,0.0,0,0.0,0,0.0,0,0.0,0,0.0,0,0.0,0,0.0,0,0.0,0,0.0,0,0.0,0,225108.25266,-345131.55448,4,217,3,3,False,1,195001.88318,243253.69177,-48251.80859000001,-26042.70394,1220.17494,-27262.87888,-934187.24195,265249.14741000003,-1199436.38936,-21559.46985499995,152230.3642822858,-928932.6498400001,-48241.466360000006,-40798.6729125,0.0,-74698.415,-10.34223,-12.851225,0.0,0.0,1237.2434099999998,971.2696925,242016.44836,266414.78959,0.0,0.0,0.0,-438594.57999999996,0.0,0.0,0.0,0.0,0.0,0.0,0.0,0.0,0.0,0.0,0.0,0.0,0.0,0.0,0.0,0.0,0.0,0.0,0.0,265158.98999999993,0.0,0.0,0.08122890508523892,0.5239789580783212,3.145923833338368e-05,0.0,0.0021527130246426665,0.3926079645734639,0.0,0.0,0.0,0.0,0.0,0.0,0.0,0.0,0.0,0.0,0.0,0.0,0.0,0.20689571382864685,0.9891530542471536
VN20,13,2025-03-26,2025-04-01,-315219.66795000026,2086286.95033,-2401506.61828,2401506.61828,234,9,225,-1347.092598076924,231809.66114777778,-10673.362747911111,708218.59,-1667743.73,-31447.899329999997,108,0.0,0,-27.11895,112,0.0,0,7.29033,3,120075.33,2,0.0,0,0.0,0,0.0,0,0.0,0,0.0,0,0.0,0,0.0,0,0.0,0,1960067.9300000002,3,0.0,0,-2370031.6,5,6136.4,1,0.0,0,2086286.95033,-2401506.61828,9,225,3,4,True,1,-120023.30181999998,225108.25266,-345131.55448,195001.88318,243253.69177,-48251.80859000001,-135173.7568399998,1660598.0777599998,-1795771.8346,-66570.94763250006,211932.55581259783,-1244152.3177900002,-46319.95517,-38314.7892525,-298793.66,-74698.415,-17.939310000000003,-17.110805,0.0,0.0,1227.56266,923.067835,223880.69,146493.11708999999,0.0,0.0,0.0,0.0,0.0,0.0,0.0,0.0,0.0,0.0,0.0,0.0,0.0,0.0,0.0,0.0,0.0,490016.98250000004,0.0,0.0,0.0,-592507.9,0.0,1534.0999999999417,0.0,0.0,0.0070074300096963525,0.0,6.04282473901747e-06,0.0,1.6244798002725486e-06,0.026755983350007527,0.0,0.0,0.0,0.0,0.0,0.0,0.0,0.0,0.4367553676509881,0.0,0.5281061982389863,0.001367353445782628,0.0,0.2619014191341385,0.8859826357974362
VN20,14,2025-04-02,2025-04-08,322789.58928,351450.16779,-28660.578510000003,28660.578510000003,334,10,324,966.4358960479042,35145.016779,-88.45857564814816,198390.54,-5154.19,-28646.728730000003,162,0.0,0,-13.84978,162,0.0,0,128.76779000000002,7,351321.4,3,0.0,0,0.0,0,0.0,0,0.0,0,0.0,0,0.0,0,0.0,0,0.0,0,0.0,0,0.0,0,0.0,0,0.0,0,0.0,0,351450.16779,-28660.578510000003,10,324,4,1,False,2,-315219.66795000026,2086286.95033,-2401506.61828,-120023.30181999998,225108.25266,-345131.55448,-26042.70394,1220.17494,-27262.87888,20637.125672499948,291138.18117261224,-921362.7285100003,-31447.899329999997,-38664.0123975,0.0,-74698.415,-27.11895,-17.3125675,0.0,0.0,7.29033,650.2160475,120075.33,234323.46709,0.0,0.0,0.0,0.0,0.0,0.0,0.0,0.0,0.0,0.0,0.0,0.0,0.0,0.0,0.0,0.0,1960067.9300000002,490016.98250000004,0.0,0.0,-2370031.6,-592507.9,6136.4,1534.0999999999417,0.0,0.0,0.07536416428329747,0.0,3.643617060242004e-05,0.0,0.0003387638767212618,0.9242606356693789,0.0,0.0,0.0,0.0,0.0,0.0,0.0,0.0,0.0,0.0,0.0,0.0,0.0,0.08153994812157757,0.9992674886935329
VN20,15,2025-04-09,2025-04-15,239686.93800999998,290334.12318999995,-50647.18518,50647.18518,311,12,299,770.6975498713825,24194.51026583333,-169.38857919732442,138965.31,-18110.76,-50636.01459,150,0.0,0,-11.17059,149,0.0,0,75.23083,6,290258.89235999994,6,0.0,0,0.0,0,0.0,0,0.0,0,0.0,0,0.0,0,0.0,0,0.0,0,0.0,0,0.0,0,0.0,0,0.0,0,0.0,0,290334.12318999995,-50647.18518,12,299,4,2,False,2,322789.58928,351450.16779,-28660.578510000003,-315219.66795000026,2086286.95033,-2401506.61828,195001.88318,243253.69177,-48251.80859000001,31808.389379999942,300757.3134065876,-681675.7905000004,-28646.728730000003,-39262.649455,0.0,-74698.415,-13.84978,-17.5196575,0.0,0.0,128.76779000000002,359.71290250000004,351321.4,246384.07808999997,0.0,0.0,0.0,0.0,0.0,0.0,0.0,0.0,0.0,0.0,0.0,0.0,0.0,0.0,0.0,0.0,0.0,490016.98250000004,0.0,0.0,0.0,-592507.9,0.0,1534.0999999999417,0.0,0.0,0.14850085135767818,0.0,3.276012416457372e-05,0.0,0.00022063036346369686,0.8512457581546934,0.0,0.0,0.0,0.0,0.0,0.0,0.0,0.0,0.0,0.0,0.0,0.0,0.0,0.17445120863755512,0.9994818980593603
VN20,16,2025-04-16,2025-04-22,-137006.43283999996,122065.46514,-259071.89798000007,259071.89798000007,338,5,333,-405.3444758579881,24413.093028,-777.9936876276279,119929.02,-111518.15,-57856.03411,166,-111518.15,1,-18.58387,165,0.0,0,195.30946,2,121870.15568,3,0.0,0,0.0,0,0.0,0,0.0,0,0.0,0,0.0,0,0.0,0,0.0,0,0.0,0,0.0,0,-89679.13,1,0.0,0,0.0,0,122065.46514,-259071.89798000007,5,333,4,3,False,2,239686.93800999998,290334.12318999995,-50647.18518,322789.58928,351450.16779,-28660.578510000003,-120023.30181999998,225108.25266,-345131.55448,27562.606624999942,303720.46345631283,-818682.2233400003,-50636.01459,-42146.66919,0.0,-27879.5375,-11.17059,-17.6807975,0.0,0.0,75.23083,101.64960250000001,290258.89235999994,220881.44450999997,0.0,0.0,0.0,0.0,0.0,0.0,0.0,0.0,0.0,0.0,0.0,0.0,0.0,0.0,0.0,0.0,0.0,490016.98250000004,0.0,0.0,0.0,-614927.6825,0.0,1534.0999999999417,0.0,0.0,0.15179837955636008,0.29259306693814957,4.875898245155493e-05,0.0,0.0005124385035389651,0.319753893143322,0.0,0.0,0.0,0.0,0.0,0.0,0.0,0.0,0.0,0.0,0.23529346287617772,0.0,0.0,0.47473504720807297,0.996805042980913
VN20,17,2025-04-23,2025-04-29,-565258.5442900001,542149.41432,-1107407.95861,1107407.95861,460,10,450,-1228.8229223695655,54214.941432,-2460.906574688889,322618.51,-424833.8,-41761.78578,221,0.0,0,-32.17283,224,0.0,0,2024.49,4,217506.41431999998,5,0.0,0,0.0,0,0.0,0,0.0,0,0.0,0,0.0,0,0.0,0,0.0,0,322618.51,1,0.0,0,-1065614.0,5,0.0,0,0.0,0,542149.41432,-1107407.95861,10,450,4,4,True,2,-137006.43283999996,122065.46514,-259071.89798000007,239686.93800999998,290334.12318999995,-50647.18518,-315219.66795000026,2086286.95033,-2401506.61828,-34947.11246000002,406220.68265717523,-1383940.7676300004,-57856.03411,-44725.1408025,-111518.15,-27879.5375,-18.58387,-18.944267500000002,0.0,0.0,195.30946,605.94952,121870.15568,245239.21558999995,0.0,0.0,0.0,0.0,0.0,0.0,0.0,0.0,0.0,0.0,0.0,0.0,0.0,0.0,0.0,0.0,0.0,80654.6275,0.0,0.0,-89679.13,-288823.2825,0.0,0.0,0.0,0.0,0.025316964699337065,0.0,1.9503916946431222e-05,0.0,0.001227292868512983,0.1318574412077936,0.0,0.0,0.0,0.0,0.0,0.0,0.0,0.0,0.19557883544659863,0.0,0.6459999618608112,0.0,0.0,0.1920025481113361,0.5150815112996965
VN20,18,2025-04-30,2025-05-06,197041.49852,248748.61,-51707.11148,51707.11148,287,3,284,686.5557439721255,82916.20333333332,-182.06729394366198,175680.28,-5250.08,-51692.80454,142,0.0,0,-14.30694,142,0.0,0,94.56,1,248654.05,2,0.0,0,0.0,0,0.0,0,0.0,0,0.0,0,0.0,0,0.0,0,0.0,0,0.0,0,0.0,0,0.0,0,0.0,0,0.0,0,248748.61,-51707.11148,3,284,4,5,True,2,-565258.5442900001,542149.41432,-1107407.95861,-137006.43283999996,122065.46514,-259071.89798000007,322789.58928,351450.16779,-28660.578510000003,-66384.13515000002,372798.3151453138,-1186899.2691100005,-41761.78578,-50486.659755,0.0,-27879.5375,-32.17283,-19.0585575,0.0,0.0,2024.49,597.3975725,217506.41431999998,219572.37808999993,0.0,0.0,0.0,0.0,0.0,0.0,0.0,0.0,0.0,0.0,0.0,0.0,0.0,0.0,0.0,0.0,322618.51,80654.6275,0.0,0.0,-1065614.0,-288823.2825,0.0,0.0,0.0,0.0,0.1720479952432557,0.0,4.761746566025154e-05,0.0,0.0003147219148772124,0.8275896653762068,0.0,0.0,0.0,0.0,0.0,0.0,0.0,0.0,0.0,0.0,0.0,0.0,0.0,0.20789045881215287,0.9992400033616733
VN20,19,2025-05-07,2025-05-13,293570.18202,323678.20514,-30108.02312,30108.02312,415,13,402,707.3980289638555,24898.32347230769,-74.89557990049752,238074.8,-4561.5,-30095.75245,201,0.0,0,-12.270669999999999,201,0.0,0,867.33514,11,322810.87,2,0.0,0,0.0,0,0.0,0,0.0,0,0.0,0,0.0,0,0.0,0,0.0,0,0.0,0,0.0,0,0.0,0,0.0,0,0.0,0,323678.20514,-30108.02312,13,402,5,1,False,2,197041.49852,248748.61,-51707.11148,-565258.5442900001,542149.41432,-1107407.95861,239686.93800999998,290334.12318999995,-50647.18518,-52913.324147500025,388199.90939089644,-893329.0870900004,-51692.80454,-45351.59422,0.0,-27879.5375,-14.30694,-19.333577499999997,0.0,0.0,94.56,795.4236500000001,248654.05,227710.37249999997,0.0,0.0,0.0,0.0,0.0,0.0,0.0,0.0,0.0,0.0,0.0,0.0,0.0,0.0,0.0,0.0,0.0,80654.6275,0.0,0.0,0.0,-288823.2825,0.0,0.0,0.0,0.0,0.08506762006542103,0.0,3.4683854316065116e-05,0.0,0.002451579713166758,0.9124461163670962,0.0,0.0,0.0,0.0,0.0,0.0,0.0,0.0,0.0,0.0,0.0,0.0,0.0,0.09323029441356792,0.9946551173591085
VN20,20,2025-05-14,2025-05-20,267008.0245,314953.4706,-47945.446099999994,47945.446099999994,288,6,282,927.1111961805556,52492.2451,-170.0193124113475,243584.45,-7175.88,-47932.53107,142,0.0,0,-12.91503,140,0.0,0,42.0506,3,314911.42000000004,3,0.0,0,0.0,0,0.0,0,0.0,0,0.0,0,0.0,0,0.0,0,0.0,0,0.0,0,0.0,0,0.0,0,0.0,0,0.0,0,314953.4706,-47945.446099999994,6,282,5,2,False,2,293570.18202,323678.20514,-30108.02312,197041.49852,248748.61,-51707.11148,-137006.43283999996,122065.46514,-259071.89798000007,48090.290187499966,410921.1631238745,-626321.0625900005,-30095.75245,-42870.71846,0.0,0.0,-12.270669999999999,-17.9163675,0.0,0.0,867.33514,757.108935,322810.87,275970.68857999996,0.0,0.0,0.0,0.0,0.0,0.0,0.0,0.0,0.0,0.0,0.0,0.0,0.0,0.0,0.0,0.0,0.0,80654.6275,0.0,0.0,0.0,-266403.5,0.0,0.0,0.0,0.0,0.13208232062490474,0.0,3.5588505243945245e-05,0.0,0.00011587414033192677,0.8677662167295195,0.0,0.0,0.0,0.0,0.0,0.0,0.0,0.0,0.0,0.0,0.0,0.0,0.0,0.1522095675984059,0.9997330082720528
VN20,21,2025-05-21,2025-05-27,-66855.18356,131055.4905,-197910.67406000002,197910.67406000002,244,12,232,-273.99665393442626,10921.290875,-853.0632502586208,115486.73,-130914.98,-66968.04834000001,114,-130914.98,1,-11.68924,117,0.0,0,1658.7086599999998,9,129388.37,2,0.0,0,0.0,0,0.0,0,0.0,0,0.0,0,0.0,0,-7.54464,1,0.0,0,0.0,0,0.0,0,0.0,0,0.0,0,0.0,0,131055.4905,-197910.67406000002,12,232,5,3,False,2,267008.0245,314953.4706,-47945.446099999994,293570.18202,323678.20514,-30108.02312,-565258.5442900001,542149.41432,-1107407.95861,172691.13036999997,164805.74281319146,-693176.2461500004,-47932.53107,-49172.284100000004,0.0,-32728.745,-12.91503,-12.79547,0.0,0.0,42.0506,665.6636,314911.42000000004,253941.17749999996,0.0,0.0,0.0,0.0,0.0,0.0,0.0,0.0,0.0,0.0,0.0,0.0,0.0,-1.88616,0.0,0.0,0.0,0.0,0.0,0.0,0.0,0.0,0.0,0.0,0.0,0.0,0.20357123483982417,0.39795879972975906,3.553325922024423e-05,0.0,0.00504218621455663,0.3933181704965311,0.0,0.0,0.0,0.0,0.0,0.0,2.2934395122644707e-05,0.0,0.0,0.0,0.0,0.0,0.0,0.5175739391415164,0.9750057182240957
VN20,22,2025-05-28,2025-06-03,-126223.68577999996,446963.59690999996,-573187.2826899999,573187.2826899999,390,9,381,-323.65047635897423,49662.62187888889,-1504.4285634908133,226148.25,-219653.26,-37989.321260000004,188,0.0,0,-26.551429999999996,189,0.0,0,1598.99691,6,226462.46,2,0.0,0,0.0,0,0.0,0,0.0,0,0.0,0,0.0,0,0.0,0,0.0,0,218902.14,1,0.0,0,-535171.4099999999,4,0.0,0,0.0,0,446963.59690999996,-573187.2826899999,9,381,5,4,True,2,-66855.18356,131055.4905,-197910.67406000002,267008.0245,314953.4706,-47945.446099999994,197041.49852,248748.61,-51707.11148,91874.83429499998,219176.36021587954,-819399.9319300003,-66968.04834000001,-45746.41328000001,-130914.98,-32728.745,-11.68924,-15.856592499999998,0.0,0.0,1658.7086599999998,1041.7728275,129388.37,248393.27999999997,0.0,0.0,0.0,0.0,0.0,0.0,0.0,0.0,0.0,0.0,0.0,0.0,-7.54464,-1.88616,0.0,0.0,0.0,54725.535,0.0,0.0,0.0,-133792.85249999998,0.0,0.0,0.0,0.0,0.03723892418236759,0.0,2.6026963786386956e-05,0.0,0.0015674121759586828,0.22198918270677342,0.0,0.0,0.0,0.0,0.0,0.0,0.0,0.0,0.21457820051660528,0.0,0.5246002534545087,0.0,0.0,0.1677510756528919,0.49658478774333065
VN20,23,2025-06-04,2025-06-10,264999.2671899999,310333.30445,-45334.03726,45334.03726,376,4,372,704.7852850797871,77583.3261125,-121.86569155913978,139317.73,-4757.73,-45318.16584,186,0.0,0,-15.87142,186,0.0,0,0.01445,1,310333.29,3,0.0,0,0.0,0,0.0,0,0.0,0,0.0,0,0.0,0,0.0,0,0.0,0,0.0,0,0.0,0,0.0,0,0.0,0,0.0,0,310333.30445,-45334.03726,4,372,6,1,False,2,-126223.68577999996,446963.59690999996,-573187.2826899999,-66855.18356,131055.4905,-197910.67406000002,293570.18202,323678.20514,-30108.02312,84732.10558749997,210714.5085261049,-554400.6647400004,-37989.321260000004,-49552.0166275,0.0,-32728.745,-26.551429999999996,-16.75678,0.0,0.0,1598.99691,824.942655,226462.46,245273.88499999998,0.0,0.0,0.0,0.0,0.0,0.0,0.0,0.0,0.0,0.0,0.0,0.0,0.0,-1.88616,0.0,0.0,218902.14,54725.535,0.0,0.0,-535171.4099999999,-133792.85249999998,0.0,0.0,0.0,0.0,0.1274172816152207,0.0,4.462433892212982e-05,0.0,4.0627851661966976e-08,0.8725380534180054,0.0,0.0,0.0,0.0,0.0,0.0,0.0,0.0,0.0,0.0,0.0,0.0,0.0,0.1460306299720536,0.9999999068743244
VN20,24,2025-06-11,2025-06-17,319635.81772,374828.23397,-55192.416249999995,55192.416249999995,413,9,404,773.9366046489104,41647.581552222226,-136.61489170792078,161189.06,-7194.83,-55175.124429999996,203,0.0,0,-17.29182,201,0.0,0,979.77397,6,373848.46,3,0.0,0,0.0,0,0.0,0,0.0,0,0.0,0,0.0,0,0.0,0,0.0,0,0.0,0,0.0,0,0.0,0,0.0,0,0.0,0,374828.23397,-55192.416249999995,9,404,6,2,False,2,264999.2671899999,310333.30445,-45334.03726,-126223.68577999996,446963.59690999996,-573187.2826899999,267008.0245,314953.4706,-47945.446099999994,97889.05389249997,226910.13971293,-234764.84702000045,-45318.16584,-51362.6649675,0.0,-32728.745,-15.87142,-17.8509775,0.0,0.0,0.01445,1059.3734975,310333.29,260008.14499999996,0.0,0.0,0.0,0.0,0.0,0.0,0.0,0.0,0.0,0.0,0.0,0.0,0.0,-1.88616,0.0,0.0,0.0,54725.535,0.0,0.0,0.0,-133792.85249999998,0.0,0.0,0.0,0.0,0.12830808102302113,0.0,4.021160377101297e-05,0.0,0.002278434697261037,0.8693732726759468,0.0,0.0,0.0,0.0,0.0,0.0,0.0,0.0,0.0,0.0,0.0,0.0,0.0,0.14758687097440495,0.9947858094831539
VN20,25,2025-06-18,2025-06-24,-106646.70591000003,79092.99733,-185739.70324000003,185739.70324000003,504,6,498,-211.6006069642858,13182.166221666666,-372.9712916465864,43997.68,-109732.07,-75986.94377000001,249,-109732.07,1,-20.68947,248,0.0,0,615.41733,4,78477.58,2,0.0,0,0.0,0,0.0,0,0.0,0,0.0,0,0.0,0,0.0,0,0.0,0,0.0,0,0.0,0,0.0,0,0.0,0,0.0,0,79092.99733,-185739.70324000003,6,498,6,3,False,2,319635.81772,374828.23397,-55192.416249999995,264999.2671899999,310333.30445,-45334.03726,-66855.18356,131055.4905,-197910.67406000002,87941.17330499997,237179.96434850327,-341411.5529300005,-55175.124429999996,-53617.388825,0.0,-27433.0175,-17.29182,-20.101035,0.0,0.0,979.77397,798.550665,373848.46,247280.44749999998,0.0,0.0,0.0,0.0,0.0,0.0,0.0,0.0,0.0,0.0,0.0,0.0,0.0,0.0,0.0,0.0,0.0,54725.535,0.0,0.0,0.0,-133792.85249999998,0.0,0.0,0.0,0.0,0.28692432470179524,0.4143448666415568,7.81227920701258e-05,0.0,0.002323796603196795,0.29632888926138096,0.0,0.0,0.0,0.0,0.0,0.0,0.0,0.0,0.0,0.0,0.0,0.0,0.0,0.9682630857118684,0.9845592194133654
VN20,26,2025-06-25,2025-07-01,-895661.5679399999,535666.82747,-1431328.3954099999,1431328.3954099999,269,5,264,-3329.596906840148,107133.365494,-5421.698467462121,529176.38,-494827.31,-34295.24654,127,0.0,0,-31.07887,130,0.0,0,4.18747,3,6486.26,1,0.0,0,-333134.38999999996,2,0.0,0,0.0,0,0.0,0,0.0,0,0.0,0,0.0,0,529176.38,1,0.0,0,-1063867.68,5,0.0,0,0.0,0,535666.82747,-1431328.3954099999,5,264,6,4,True,2,-106646.70591000003,79092.99733,-185739.70324000003,319635.81772,374828.23397,-55192.416249999995,-126223.68577999996,446963.59690999996,-573187.2826899999,-104418.297235,560464.7204350855,-1237073.1208700002,-75986.94377000001,-52693.870145,-109732.07,-27433.0175,-20.68947,-21.232895,0.0,0.0,615.41733,399.848305,78477.58,192286.3975,0.0,0.0,0.0,-83283.59749999999,0.0,0.0,0.0,0.0,0.0,0.0,0.0,0.0,0.0,0.0,0.0,0.0,0.0,132294.095,0.0,0.0,0.0,-265966.92,0.0,0.0,0.0,0.0,0.01743534816001546,0.0,1.5800175637689398e-05,0.0,2.1288663801983544e-06,0.0032975474086322713,0.0,0.16936207374832218,0.0,0.0,0.0,0.0,0.0,0.0,0.26902779114287834,0.0,0.540859310498134,0.0,0.0,5.287368458865355,0.9760602828082128
VN20,27,2025-07-02,2025-07-08,173892.18103,218900.11394,-45007.93290999999,45007.93290999999,374,9,365,464.9523556951872,24322.234882222223,-123.30940523287668,163571.31,-15174.57,-44994.22770999999,183,0.0,0,-13.7052,182,0.0,0,80.57112000000001,5,218819.54282,4,0.0,0,0.0,0,0.0,0,0.0,0,0.0,0,0.0,0,0.0,0,0.0,0,0.0,0,0.0,0,0.0,0,0.0,0,0.0,0,218900.11394,-45007.93290999999,9,365,7,1,False,3,-895661.5679399999,535666.82747,-1431328.3954099999,-106646.70591000003,79092.99733,-185739.70324000003,264999.2671899999,310333.30445,-45334.03726,-127195.06877499999,541994.5782866555,-1063180.9398400004,-34295.24654,-52612.8856125,0.0,-27433.0175,-31.07887,-20.69134,0.0,0.0,4.18747,419.9874725,6486.26,169407.96070499998,0.0,0.0,-333134.38999999996,-83283.59749999999,0.0,0.0,0.0,0.0,0.0,0.0,0.0,0.0,0.0,0.0,0.0,0.0,529176.38,132294.095,0.0,0.0,-1063867.68,-265966.92,0.0,0.0,0.0,0.0,0.17049206436503167,0.0,5.1931724566889616e-05,0.0,0.00030529997459984617,0.8291507039358016,0.0,0.0,0.0,0.0,0.0,0.0,0.0,0.0,0.0,0.0,0.0,0.0,0.0,0.20562252863772798,0.9992641258834096
VN20,28,2025-07-09,2025-07-15,537012.9799599999,562348.10888,-25335.128920000003,25335.128920000003,315,9,306,1704.8031109841268,62483.12320888889,-82.79453895424838,284325.48,-3900.61,-25326.838000000003,154,0.0,0,-8.29092,152,0.0,0,493.73888000000005,5,561854.37,4,0.0,0,0.0,0,0.0,0,0.0,0,0.0,0,0.0,0,0.0,0,0.0,0,0.0,0,0.0,0,0.0,0,0.0,0,0.0,0,562348.10888,-25335.128920000003,9,306,7,2,False,3,173892.18103,218900.11394,-45007.93290999999,-895661.5679399999,535666.82747,-1431328.3954099999,319635.81772,374828.23397,-55192.416249999995,-72850.778215,608543.5212836624,-526167.9598800004,-44994.22770999999,-45150.814005,0.0,-27433.0175,-13.7052,-18.441115,0.0,0.0,80.57112000000001,298.4787,218819.54282,216409.43820499995,0.0,0.0,0.0,-83283.59749999999,0.0,0.0,0.0,0.0,0.0,0.0,0.0,0.0,0.0,0.0,0.0,0.0,0.0,132294.095,0.0,0.0,0.0,-265966.92,0.0,0.0,0.0,0.0,0.043096070078179116,0.0,1.41078041140618e-05,0.0,0.0008401445680981443,0.9560496775496087,0.0,0.0,0.0,0.0,0.0,0.0,0.0,0.0,0.0,0.0,0.0,0.0,0.0,0.04507722881998765,0.9982455515653152
VN20,29,2025-07-16,2025-07-22,95779.92176000003,303742.75114,-207962.82937999998,207962.82937999998,423,4,419,226.43007508274238,75935.687785,-496.3313350357995,242546.89,-121601.21,-86338.39982,210,-121601.21,1,-23.21956,208,0.0,0,14.01114,2,303728.74,2,0.0,0,0.0,0,0.0,0,0.0,0,0.0,0,0.0,0,0.0,0,0.0,0,0.0,0,0.0,0,0.0,0,0.0,0,0.0,0,303742.75114,-207962.82937999998,4,419,7,3,False,3,537012.9799599999,562348.10888,-25335.128920000003,173892.18103,218900.11394,-45007.93290999999,-106646.70591000003,79092.99733,-185739.70324000003,-22244.1212975,613195.3645282468,-430388.0381200004,-25326.838000000003,-47738.6780175,0.0,-30400.3025,-8.29092,-19.0736375,0.0,0.0,493.73888000000005,148.12715250000002,561854.37,272722.228205,0.0,0.0,0.0,-83283.59749999999,0.0,0.0,0.0,0.0,0.0,0.0,0.0,0.0,0.0,0.0,0.0,0.0,0.0,132294.095,0.0,0.0,0.0,-265966.92,0.0,0.0,0.0,0.0,0.16872671142703216,0.2376390147561567,4.537679650943824e-05,0.0,2.7381253074789116e-05,0.5935615157672269,0.0,0.0,0.0,0.0,0.0,0.0,0.0,0.0,0.0,0.0,0.0,0.0,0.0,0.2842615414662439,0.9999077476342253
VN20,30,2025-07-23,2025-07-29,-737626.5258899999,382936.75048000005,-1120563.27637,1120563.27637,516,10,506,-1429.508771104651,38293.675048000005,-2214.5519295849804,146135.91,-535723.92,-54855.802390000004,251,0.0,0,-23.453979999999998,251,0.0,0,140.22048,6,150394.46000000002,2,0.0,0,0.0,0,0.0,0,0.0,0,0.0,0,0.0,0,0.0,0,0.0,0,86266.16,1,0.0,0,-1065684.02,4,146135.91,1,0.0,0,382936.75048000005,-1120563.27637,10,506,7,4,True,3,95779.92176000003,303742.75114,-207962.82937999998,537012.9799599999,562348.10888,-25335.128920000003,-895661.5679399999,535666.82747,-1431328.3954099999,17264.639214999974,538731.7963850829,-1168014.5640100003,-86338.39982,-52878.81698,-121601.21,-30400.3025,-23.21956,-17.167415000000002,0.0,0.0,14.01114,182.13540500000005,303728.74,308699.278205,0.0,0.0,0.0,0.0,0.0,0.0,0.0,0.0,0.0,0.0,0.0,0.0,0.0,0.0,0.0,0.0,0.0,21566.54,0.0,0.0,0.0,-266421.005,0.0,36533.97749999994,0.0,0.0,0.036485401669682054,0.0,1.559958735028339e-05,0.0,9.32627053514442e-05,0.10002956921463657,0.0,0.0,0.0,0.0,0.0,0.0,0.0,0.0,0.05737689288954468,0.0,0.7088021290114153,0.09719714492201972,0.0,0.36474616412067307,0.3506265225153251
VN20,31,2025-07-30,2025-08-05,395466.23498,431784.49,-36318.255020000004,36318.255020000004,322,10,312,1228.1560092546583,43178.449,-116.40466352564104,222418.16,-5544.05,-36299.73027,155,0.0,0,-18.52475,157,0.0,0,147.55999999999997,7,431636.93000000005,3,0.0,0,0.0,0,0.0,0,0.0,0,0.0,0,0.0,0,0.0,0,0.0,0,0.0,0,0.0,0,0.0,0,0.0,0,0.0,0,431784.49,-36318.255020000004,10,312,7,5,True,3,-737626.5258899999,382936.75048000005,-1120563.27637,95779.92176000003,303742.75114,-207962.82937999998,173892.18103,218900.11394,-45007.93290999999,72658.15270249997,570650.6053465403,-772548.3290300004,-54855.802390000004,-50705.19262,0.0,-30400.3025,-23.453979999999998,-18.3723025,0.0,0.0,140.22048,198.88262500000002,150394.46000000002,361903.625,0.0,0.0,0.0,0.0,0.0,0.0,0.0,0.0,0.0,0.0,0.0,0.0,0.0,0.0,0.0,0.0,86266.16,21566.54,0.0,0.0,-1065684.02,-266421.005,146135.91,36533.97749999994,0.0,0.0,0.07754650160927612,0.0,3.9574111019597884e-05,0.0,0.0003152299395161534,0.9220986943401883,0.0,0.0,0.0,0.0,0.0,0.0,0.0,0.0,0.0,0.0,0.0,0.0,0.0,0.0840978325696089,0.9993167444612339
VN20,32,2025-08-06,2025-08-12,264027.95,336037.02918,-72009.07918,72009.07918,417,7,410,633.160551558753,48005.28988285714,-175.63190043902438,243147.28,-18225.93,-71987.77402,207,0.0,0,-21.30516,203,0.0,0,48.29918000000001,4,335988.73,3,0.0,0,0.0,0,0.0,0,0.0,0,0.0,0,0.0,0,0.0,0,0.0,0,0.0,0,0.0,0,0.0,0,0.0,0,0.0,0,336037.02918,-72009.07918,7,410,8,1,False,3,395466.23498,431784.49,-36318.255020000004,-737626.5258899999,382936.75048000005,-1120563.27637,537012.9799599999,562348.10888,-25335.128920000003,4411.895212500007,509670.8503933027,-508520.3790300003,-36299.73027,-62370.42662500001,0.0,-30400.3025,-18.52475,-21.6258625,0.0,0.0,147.55999999999997,87.5227,431636.93000000005,305437.215,0.0,0.0,0.0,0.0,0.0,0.0,0.0,0.0,0.0,0.0,0.0,0.0,0.0,0.0,0.0,0.0,0.0,21566.54,0.0,0.0,0.0,-266421.005,0.0,36533.97749999994,0.0,0.0,0.17642068517533452,0.0,5.22126288267488e-05,0.0,0.00011836696640514924,0.8234087352294335,0.0,0.0,0.0,0.0,0.0,0.0,0.0,0.0,0.0,0.0,0.0,0.0,0.0,0.21425651396104864,0.9997125778787319
VN20,33,2025-08-13,2025-08-19,264654.13997,300162.05757,-35507.9176,35507.9176,522,7,515,507.0002681417625,42880.29393857143,-68.94741281553398,194645.95,-4061.13,-35494.41100000001,258,0.0,0,-13.506599999999999,257,0.0,0,63.33757000000001,5,300098.72000000003,2,0.0,0,0.0,0,0.0,0,0.0,0,0.0,0,0.0,0,0.0,0,0.0,0,0.0,0,0.0,0,0.0,0,0.0,0,0.0,0,300162.05757,-35507.9176,7,515,8,2,False,3,264027.95,336037.02918,-72009.07918,395466.23498,431784.49,-36318.255020000004,95779.92176000003,303742.75114,-207962.82937999998,46630.449765000005,526479.3163107566,-243866.23906000028,-71987.77402,-49659.42942,0.0,0.0,-21.30516,-19.1976225,0.0,0.0,48.29918000000001,99.8543075,335988.73,304529.71,0.0,0.0,0.0,0.0,0.0,0.0,0.0,0.0,0.0,0.0,0.0,0.0,0.0,0.0,0.0,0.0,0.0,21566.54,0.0,0.0,0.0,-266421.005,0.0,36533.97749999994,0.0,0.0,0.10574198953011472,0.0,4.02377364646915e-05,0.0,0.00018869000710570764,0.894029082726315,0.0,0.0,0.0,0.0,0.0,0.0,0.0,0.0,0.0,0.0,0.0,0.0,0.0,0.11827578271576768,0.9995780665579588
VN20,34,2025-08-20,2025-08-26,-839198.4809600001,84925.89104000002,-924124.372,924124.372,365,8,357,-2299.173920438356,10615.736380000002,-2588.5836750700278,51271.55,-389801.45,-65206.61259,175,-164087.58,1,-27.36941,178,0.0,0,32.501039999999996,5,84893.39000000001,3,0.0,0,0.0,0,0.0,0,0.0,0,0.0,0,0.0,0,0.0,0,0.0,0,0.0,0,0.0,0,-694802.81,3,0.0,0,0.0,0,84925.89104000002,-924124.372,8,357,8,3,False,3,264654.13997,300162.05757,-35507.9176,264027.95,336037.02918,-72009.07918,-737626.5258899999,382936.75048000005,-1120563.27637,21237.460997499962,576944.8519690624,-1083064.7200200004,-35494.41100000001,-52247.13197,0.0,-41021.895,-13.506599999999999,-20.176479999999998,0.0,0.0,63.33757000000001,72.9244475,300098.72000000003,288154.4425,0.0,0.0,0.0,0.0,0.0,0.0,0.0,0.0,0.0,0.0,0.0,0.0,0.0,0.0,0.0,0.0,0.0,0.0,0.0,0.0,0.0,-173700.7025,0.0,0.0,0.0,0.0,0.06462176858618501,0.16261586365940559,2.7123931287172204e-05,0.0,3.220953523373852e-05,0.08413197350966325,0.0,0.0,0.0,0.0,0.0,0.0,0.0,0.0,0.0,0.0,0.6885710607782253,0.0,0.0,0.7680999968313197,0.9992348952364978
VN20,35,2025-08-27,2025-09-02,203721.14626,232996.70103,-29275.55477,29275.55477,404,7,397,504.260263019802,33285.243004285716,-73.74195156171284,227824.46,-3826.02,-29264.02375,199,0.0,0,-11.53102,198,0.0,0,160.52103,5,232836.18,2,0.0,0,0.0,0,0.0,0,0.0,0,0.0,0,0.0,0,0.0,0,0.0,0,0.0,0,0.0,0,0.0,0,0.0,0,0.0,0,232996.70103,-29275.55477,7,397,8,4,True,3,-839198.4809600001,84925.89104000002,-924124.372,264654.13997,300162.05757,-35507.9176,395466.23498,431784.49,-36318.255020000004,-26698.811182500038,542419.782698876,-879343.5737600003,-65206.61259,-50488.20534,-164087.58,-41021.895,-27.36941,-18.428047499999998,0.0,0.0,32.501039999999996,76.164705,84893.39000000001,238454.255,0.0,0.0,0.0,0.0,0.0,0.0,0.0,0.0,0.0,0.0,0.0,0.0,0.0,0.0,0.0,0.0,0.0,0.0,0.0,0.0,-694802.81,-173700.7025,0.0,0.0,0.0,0.0,0.11157880066550296,0.0,4.396583986677252e-05,0.0,0.0006120396894836179,0.8877651938051467,0.0,0.0,0.0,0.0,0.0,0.0,0.0,0.0,0.0,0.0,0.0,0.0,0.0,0.12568503636333495,0.9986230668525551
VN20,36,2025-09-03,2025-09-09,358015.2477,388136.98604,-30121.738339999993,30121.738339999993,408,9,399,877.4883522058824,43126.33178222222,-75.4930785463659,237354.51,-3976.29,-30106.148559999994,199,0.0,0,-15.589780000000001,200,0.0,0,69.01603999999999,7,388067.97,2,0.0,0,0.0,0,0.0,0,0.0,0,0.0,0,0.0,0,0.0,0,0.0,0,0.0,0,0.0,0,0.0,0,0.0,0,0.0,0,388136.98604,-30121.738339999993,9,399,9,1,False,3,203721.14626,232996.70103,-29275.55477,-839198.4809600001,84925.89104000002,-924124.372,264027.95,336037.02918,-72009.07918,-3201.986757500039,560931.4029336183,-521328.32606000034,-29264.02375,-40017.798975,0.0,-41021.895,-11.53102,-16.9992025,0.0,0.0,160.52103,81.34392000000001,232836.18,251474.065,0.0,0.0,0.0,0.0,0.0,0.0,0.0,0.0,0.0,0.0,0.0,0.0,0.0,0.0,0.0,0.0,0.0,0.0,0.0,0.0,0.0,-173700.7025,0.0,0.0,0.0,0.0,0.07197972643518058,0.0,3.727305395269231e-05,0.0,0.0001650080105377478,0.9278179925003289,0.0,0.0,0.0,0.0,0.0,0.0,0.0,0.0,0.0,0.0,0.0,0.0,0.0,0.07757957596964263,0.9996444360084693
VN20,37,2025-09-10,2025-09-16,744723.7187799999,797453.9390199999,-52730.220239999995,52730.220239999995,501,13,487,1486.474488582834,61342.610693846145,-108.27560624229979,358202.66,-6167.3,-52713.68772999999,246,0.0,0,-16.532510000000002,242,0.0,0,799.93902,9,344493.54000000004,2,0.0,0,0.0,0,0.0,0,0.0,0,0.0,0,0.0,0,0.0,0,0.0,0,0.0,0,0.0,0,0.0,0,452160.45999999996,2,0.0,0,797453.9390199999,-52730.220239999995,13,488,9,2,False,3,358015.2477,388136.98604,-30121.738339999993,203721.14626,232996.70103,-29275.55477,264654.13997,300162.05757,-35507.9176,116815.40794499993,676747.4597033563,223395.39271999954,-30106.148559999994,-44322.618157499994,0.0,-41021.895,-15.589780000000001,-17.755679999999998,0.0,0.0,69.01603999999999,265.4942825,388067.97,262572.77,0.0,0.0,0.0,0.0,0.0,0.0,0.0,0.0,0.0,0.0,0.0,0.0,0.0,0.0,0.0,0.0,0.0,0.0,0.0,0.0,0.0,-173700.7025,0.0,113040.11499999993,0.0,0.0,0.06200266984024023,0.0,1.9445798677771055e-05,0.0,0.0009409008757541034,0.40519872812009006,0.0,0.0,0.0,0.0,0.0,0.0,0.0,0.0,0.0,0.0,0.0,0.531838255365238,0.0,0.15301792808654696,0.5081126941166745
VN20,38,2025-09-17,2025-09-23,21249.37513999999,220059.51403999998,-198810.13889999996,198810.13889999996,371,3,368,57.27594377358488,73353.17134666666,-540.2449426630434,166854.55,-126976.06,-71814.02864,184,-126976.06,1,-20.05026,183,0.0,0,9.88404,1,220049.63,2,0.0,0,0.0,0,0.0,0,0.0,0,0.0,0,0.0,0,0.0,0,0.0,0,0.0,0,0.0,0,0.0,0,0.0,0,0.0,0,220059.51403999998,-198810.13889999996,3,368,9,3,False,3,744723.7187799999,797453.9390199999,-52730.220239999995,358015.2477,388136.98604,-30121.738339999993,-839198.4809600001,84925.89104000002,-924124.372,331927.3719699999,307700.6419800963,244644.76785999953,-52713.68772999999,-45974.472169999994,0.0,-31744.015,-16.532510000000002,-15.9258925,0.0,0.0,799.93902,259.84003249999995,344493.54000000004,296361.83,0.0,0.0,0.0,0.0,0.0,0.0,0.0,0.0,0.0,0.0,0.0,0.0,0.0,0.0,0.0,0.0,0.0,0.0,0.0,0.0,0.0,0.0,452160.45999999996,113040.11499999993,0.0,0.0,0.17144719875489964,0.3031397932716515,4.786754031778009e-05,0.0,2.3596935062315957e-05,0.5253415434980689,0.0,0.0,0.0,0.0,0.0,0.0,0.0,0.0,0.0,0.0,0.0,0.0,0.0,0.326353780463071,0.9999101734265075
VN20,39,2025-09-24,2025-09-30,-481998.66365999996,359632.82428,-841631.48794,841631.48794,247,7,240,-1951.411593765182,51376.11775428571,-3506.7978664166667,160853.61,-400649.66,-23693.35032,117,0.0,0,-20.117620000000006,118,0.0,0,20.40428,4,359612.42,3,0.0,0,-258369.29,2,0.0,0,0.0,0,0.0,0,0.0,0,0.0,0,0.0,0,0.0,0,0.0,0,-559548.73,3,0.0,0,0.0,0,359632.82428,-841631.48794,7,240,9,4,True,3,21249.37513999999,220059.51403999998,-198810.13889999996,744723.7187799999,797453.9390199999,-52730.220239999995,203721.14626,232996.70103,-29275.55477,160497.41948999994,520424.47289409005,-237353.89580000043,-71814.02864,-44581.803812499995,-126976.06,-31744.015,-20.05026,-18.0725425,0.0,0.0,9.88404,224.810845,220049.63,328055.89,0.0,0.0,0.0,-64592.3225,0.0,0.0,0.0,0.0,0.0,0.0,0.0,0.0,0.0,0.0,0.0,0.0,0.0,0.0,0.0,0.0,0.0,-139887.1825,0.0,113040.11499999993,0.0,0.0,0.019723677860880955,0.0,1.6747038761870467e-05,0.0,1.698567067416813e-05,0.29936161121395277,0.0,0.21508113357877076,0.0,0.0,0.0,0.0,0.0,0.0,0.0,0.0,0.4657998446369595,0.0,0.0,0.06588579537936982,0.9998865335922826
VN20,40,2025-10-01,2025-10-07,320622.12130999996,366725.57999999996,-46103.45869,46103.45869,478,2,476,670.757575962343,183362.78999999998,-96.8560056512605,188564.97,-12331.52,-46085.38701,239,0.0,0,-18.07168,237,0.0,0,0.0,0,366725.57999999996,2,0.0,0,0.0,0,0.0,0,0.0,0,0.0,0,0.0,0,0.0,0,0.0,0,0.0,0,0.0,0,0.0,0,0.0,0,0.0,0,366725.57999999996,-46103.45869,2,476,10,1,False,4,-481998.66365999996,359632.82428,-841631.48794,21249.37513999999,220059.51403999998,-198810.13889999996,358015.2477,388136.98604,-30121.738339999993,151149.13789249994,516010.96957271453,83268.22550999952,-23693.35032,-48576.613424999996,0.0,-31744.015,-20.117620000000006,-18.693017500000003,0.0,0.0,20.40428,207.556835,359612.42,322720.2925,0.0,0.0,-258369.29,-64592.3225,0.0,0.0,0.0,0.0,0.0,0.0,0.0,0.0,0.0,0.0,0.0,0.0,0.0,0.0,0.0,0.0,-559548.73,-139887.1825,0.0,113040.11499999993,0.0,0.0,0.11163310399927139,0.0,4.377521517707556e-05,0.0,0.0,0.8883231207855515,0.0,0.0,0.0,0.0,0.0,0.0,0.0,0.0,0.0,0.0,0.0,0.0,0.0,0.12566722782195888,1.0
VN20,41,2025-10-08,2025-10-14,346871.09432999993,383510.93534,-36639.84101,36639.84101,439,10,429,790.1391670387242,38351.093534,-85.40755480186479,220410.34,-3188.93,-36628.900819999995,216,0.0,0,-10.94019,213,0.0,0,331.51534000000004,6,383179.42,4,0.0,0,0.0,0,0.0,0,0.0,0,0.0,0,0.0,0,0.0,0,0.0,0,0.0,0,0.0,0,0.0,0,0.0,0,0.0,0,383510.93534,-36639.84101,10,429,10,2,False,4,320622.12130999996,366725.57999999996,-46103.45869,-481998.66365999996,359632.82428,-841631.48794,744723.7187799999,797453.9390199999,-52730.220239999995,51685.98177999996,385230.05491032323,430139.3198399994,-46085.38701,-44555.4166975,0.0,-31744.015,-18.07168,-17.294937500000003,0.0,0.0,0.0,90.45091500000001,366725.57999999996,332391.7625,0.0,0.0,0.0,-64592.3225,0.0,0.0,0.0,0.0,0.0,0.0,0.0,0.0,0.0,0.0,0.0,0.0,0.0,0.0,0.0,0.0,0.0,-139887.1825,0.0,0.0,0.0,0.0,0.0871803716232738,0.0,2.6038723753032997e-05,0.0,0.0007890389799585575,0.9120045506730146,0.0,0.0,0.0,0.0,0.0,0.0,0.0,0.0,0.0,0.0,0.0,0.0,0.0,0.09559203576225465,0.9982726501891808
VN20,42,2025-10-15,2025-10-21,18350.57692999998,206825.64858,-188475.07165,188475.07165,633,13,620,28.989852969984174,15909.665275384616,-303.9920510483871,176432.79,-122818.2,-65635.71781999999,310,-122818.2,1,-21.15383,309,0.0,0,2632.20858,11,204193.44,2,0.0,0,0.0,0,0.0,0,0.0,0,0.0,0,0.0,0,0.0,0,0.0,0,0.0,0,0.0,0,0.0,0,0.0,0,0.0,0,206825.64858,-188475.07165,13,620,10,3,False,4,346871.09432999993,383510.93534,-36639.84101,320622.12130999996,366725.57999999996,-46103.45869,21249.37513999999,220059.51403999998,-198810.13889999996,50961.282227499956,385309.11705349066,448489.89676999947,-36628.900819999995,-43010.838992499994,0.0,-30704.55,-10.94019,-17.57083,0.0,0.0,331.51534000000004,746.03205,383179.42,328427.71499999997,0.0,0.0,0.0,-64592.3225,0.0,0.0,0.0,0.0,0.0,0.0,0.0,0.0,0.0,0.0,0.0,0.0,0.0,0.0,0.0,0.0,0.0,-139887.1825,0.0,0.0,0.0,0.0,0.16603996517337688,0.310695614034146,5.351325944382786e-05,0.0,0.006658749770221738,0.5165521577628116,0.0,0.0,0.0,0.0,0.0,0.0,0.0,0.0,0.0,0.0,0.0,0.0,0.0,0.32143891507974004,0.9748705321482756
VN20,43,2025-10-22,2025-10-28,-845517.9321999999,297904.47621,-1143422.40841,1143422.40841,640,8,632,-1321.1217690624999,37238.05952625,-1809.21267153481,287125.47,-708155.32,-41159.13472,314,0.0,0,-27.56369,315,0.0,0,1160.7162100000003,6,9618.29,1,0.0,0,0.0,0,0.0,0,0.0,0,0.0,0,0.0,0,0.0,0,0.0,0,0.0,0,0.0,0,-1102235.71,3,287125.47,1,0.0,0,297904.47621,-1143422.40841,8,632,10,4,True,4,18350.57692999998,206825.64858,-188475.07165,346871.09432999993,383510.93534,-36639.84101,-481998.66365999996,359632.82428,-841631.48794,-39918.53490750003,557369.2553367106,-397028.03543000045,-65635.71781999999,-47377.285092499995,-122818.2,-30704.55,-21.15383,-19.4323475,0.0,0.0,2632.20858,1031.1100325000002,204193.44,240929.1825,0.0,0.0,0.0,0.0,0.0,0.0,0.0,0.0,0.0,0.0,0.0,0.0,0.0,0.0,0.0,0.0,0.0,0.0,0.0,0.0,0.0,-275558.9275,0.0,71781.36749999993,0.0,0.0,0.02855641919900179,0.0,1.9123829780825228e-05,0.0,0.0008053108717985362,0.006673219033540629,0.0,0.0,0.0,0.0,0.0,0.0,0.0,0.0,0.0,0.0,0.7647368003481042,0.199209126717774,0.0,4.279256990587724,0.9300012702122861
VN20,44,2025-10-29,2025-11-04,2247.29514,11550.8,-9303.50486,9303.50486,73,3,70,30.784864931506853,3850.2666666666664,-132.90721228571428,10340.64,-6520.71,-9296.479609999999,35,0.0,0,-7.02525,35,0.0,0,1210.16,2,10340.64,1,0.0,0,0.0,0,0.0,0,0.0,0,0.0,0,0.0,0,0.0,0,0.0,0,0.0,0,0.0,0,0.0,0,0.0,0,0.0,0,11550.8,-9303.50486,3,70,10,5,True,4,-845517.9321999999,297904.47621,-1143422.40841,18350.57692999998,206825.64858,-188475.07165,320622.12130999996,366725.57999999996,-46103.45869,-119512.24145000002,509388.26721763454,-394780.74029000045,-41159.13472,-38180.058242499996,0.0,-30704.55,-27.56369,-16.670740000000002,0.0,0.0,1160.7162100000003,1333.6500325000002,9618.29,151832.9475,0.0,0.0,0.0,0.0,0.0,0.0,0.0,0.0,0.0,0.0,0.0,0.0,0.0,0.0,0.0,0.0,0.0,0.0,0.0,0.0,-1102235.71,-275558.9275,287125.47,71781.36749999993,0.0,0.0,0.44578228199930514,0.0,0.0003368728925352442,0.0,0.05802926580982188,0.4958515792983378,0.0,0.0,0.0,0.0,0.0,0.0,0.0,0.0,0.0,0.0,0.0,0.0,0.0,0.899023620394869,0.8124158757884543
