Week_Start,Forecast,Forecast_Lower,Forecast_Upper,Company,Actual,Error,Within_CI
2024-12-30,94721.56627707684,-149066.61290207162,344378.71445435355,ID10,-37125.54095,-131847.10722707683,True
2025-01-06,-69036.29355919956,-327552.6850931645,175516.37630485356,ID10,-43059.21084,25977.082719199563,True
2025-01-13,44027.66707333378,-203320.50507583653,291911.26683011296,ID10,18136.11302,-25891.55405333378,True
2025-01-20,-313672.8051380899,-569769.9987705419,-62453.812694078384,ID10,-415802.48305,-102129.67791191005,True
2025-01-27,355780.096851582,109678.64587038038,597496.6532784798,ID10,414352.70712,58572.61026841798,True
2025-02-03,-71924.9775884231,-322290.425398996,174257.8231522675,ID10,-103351.06114,-31426.0835515769,True
2025-02-10,-8915.094592953346,-241379.3209366954,246070.9727493335,ID10,-73648.88557,-64733.79097704665,True
2025-02-17,19560.66523745791,-221262.01060616938,249260.953067159,ID10,261205.21709,241644.5518525421,False
2025-02-24,161479.13977531536,-81220.78735354563,404387.9878609302,ID10,-41105.85159999999,-202584.99137531535,True
2025-03-03,-66458.21536810999,-319025.23785576585,177078.59745305663,ID10,-57293.18561,9165.029758109988,True
2025-03-10,-94035.307617146,-352050.863491253,118381.64399942635,ID10,-41226.97709,52808.330527146,True
2025-03-17,16957.983257072476,-243580.5666010283,291955.2913398901,ID10,-90270.04028,-107228.02353707247,True
2025-03-24,-247433.89017450143,-481528.38708375907,7252.2284001503485,ID10,-155996.00696000003,91437.8832145014,True
2025-03-31,100200.42295014778,-132266.22611350488,353456.9170243059,ID10,213627.15256,113426.7296098522,True
2025-04-07,-34299.82696851952,-289021.5120584931,221099.33708293102,ID10,-43615.32007,-9315.493101480482,True
2025-04-14,30913.46957000329,-223939.0634643218,287670.5732531403,ID10,243477.72704,212564.2574699967,True
2025-04-21,-139218.35233121386,-399341.74072199734,108797.48156892262,ID10,-286843.2511,-147624.89876878614,True
2025-04-28,214167.64604811554,-13917.676505343472,461250.2520187782,ID10,304495.98128,90328.33523188447,True
2025-05-05,-47285.21808020414,-276750.00313868024,187164.76049854088,ID10,-28728.600199999997,18556.617880204143,True
2025-05-12,-21037.110657045825,-275870.12973609543,210684.44834972543,ID10,-48289.70817,-27252.597512954173,True
2025-05-19,20262.632191386965,-237979.78480652737,263786.1687799782,ID10,-142542.92003999994,-162805.55223138692,True
2025-05-26,33737.190207269705,-220485.70535438438,299791.68257551955,ID10,116130.37466,82393.18445273029,True
2025-06-02,-21399.742067693405,-253894.03510025368,226387.7950404973,ID10,186736.7141,208136.45616769342,True
2025-06-09,-41153.035515225754,-299828.05784202093,215774.7106560176,ID10,-87155.67381000001,-46002.63829477425,True
2025-06-16,6325.6796858156,-238182.86459124618,256737.3056127313,ID10,-25860.13392,-32185.8136058156,True
2025-06-23,-115738.77002368985,-358477.2323230707,135881.14192331894,ID10,185925.35656000007,301664.12658368994,False
2025-06-30,55480.3997020518,-195892.4602970001,300061.3783798865,ID10,-147156.99089000002,-202637.39059205182,True
2025-07-07,-11232.092506885847,-259461.37104967376,234403.64186677523,ID10,-89690.21867,-78458.12616311415,True
2025-07-14,10006.268948212279,-263134.16648556857,264452.796988794,ID10,-46945.09242,-56951.36136821228,True
2025-07-21,-26281.58248516061,-270760.55306171946,213410.85610172598,ID10,-61123.21247000002,-34841.62998483941,True
2025-07-28,51749.00212170459,-200798.5544928414,300040.3895526611,ID10,300317.60966,248568.60753829544,False
2025-08-04,-10440.708929763652,-273743.59795781696,234134.4027849455,ID10,-70395.65347,-59954.94454023635,True
2025-08-11,-5336.916017528393,-244361.2105201642,233711.73906979917,ID10,-29445.92333,-24109.007312471607,True
2025-08-17,-959.5366976614863,-254766.36357814842,262490.0971799114,ID10,,,False
2025-08-24,-3671.4615147317922,-254427.75070132496,225636.66527666306,ID10,,,False
2025-08-31,-666.5943752481254,-239170.4649983574,248852.16910927364,ID10,,,False
2025-09-07,6275.5111802181655,-248010.7926299876,244352.31745610206,ID10,,,False
2025-09-14,975.5910399187098,-251071.9399750525,252152.4571224654,ID10,,,False
2025-09-21,42960.95625605916,-178571.9650541413,282949.13734345266,ID10,,,False
2025-09-28,-46641.00298375655,-311086.7402785665,193930.64019019177,ID10,,,False
2025-10-05,23697.718422320333,-228523.20798648958,267508.809756876,ID10,,,False
2025-10-12,13633.601079750168,-230594.96046885042,255351.02477345642,ID10,,,False
2025-10-19,7773.651990541393,-234856.6784373041,248658.54051962998,ID10,,,False
2025-10-26,-38254.541692261,-286247.93257329654,201049.66347811543,ID10,,,False
2025-11-02,42165.33598122584,-210031.78424103014,293461.0058007174,ID10,,,False
2025-11-09,59820.76796048907,-185597.58409739,300240.9810587552,ID10,,,False
2025-11-16,11704.046154860873,-229332.97720152483,251819.26871952025,ID10,,,False
2025-11-23,162811.9973825879,-72043.47951408636,398159.4477062947,ID10,,,False
2025-11-30,-40774.33995787051,-294524.51897870994,203732.82867821088,ID10,,,False
2025-12-07,50271.845699290556,-211263.36311795653,299405.95889729535,ID10,,,False
2025-12-14,1979.7509765455134,-252861.72181352912,232260.25337468597,ID10,,,False
2025-12-21,156132.46992459398,-81227.06246733878,406857.17315188283,ID10,,,False
2025-12-28,-188934.81448095484,-430073.87761674594,71229.65349459248,ID10,,,False
2026-01-04,86743.80597884841,-150342.5707683548,338450.99864639906,ID10,,,False
2026-01-11,61264.95892384072,-161218.38804886874,313353.40090292704,ID10,,,False
2026-01-18,6397.300935102745,-245808.23179593094,255859.19302644016,ID10,,,False
2026-01-25,-17704.291049865737,-258664.4905250649,240362.49018955108,ID10,,,False
2026-02-01,78986.51423943021,-167374.45799583665,333925.71878561116,ID10,,,False
2026-02-08,127828.83583203396,-116904.48877343372,388271.41229812754,ID10,,,False
2024-12-30,-13500.089253098622,-243252.5088511766,223025.7232394975,KR10,17301.650760000004,30801.740013098628,True
2025-01-06,2158.419861078203,-234382.32420628465,215985.31704011947,KR10,-20135.11632999999,-22293.536191078194,True
2025-01-13,1066.1487269060892,-223047.86203591578,243400.80044865987,KR10,-12484.60082,-13550.749546906089,True
2025-01-20,-780069.2954202057,-1028473.4846884019,-554086.1221942507,KR10,-713478.48683,66590.80859020574,True
2025-01-27,1834162.5853364957,1601218.1275760625,2050572.0682193923,KR10,1941797.93605,107635.35071350425,True
2025-02-03,-234911.31620591384,-496482.16234548663,360.72260928996565,KR10,-8719.693070000003,226191.62313591383,True
2025-02-10,-30470.215196487705,-258198.64961762825,193902.74249201952,KR10,-287712.19356,-257241.9783635123,False
2025-02-17,-160260.0762686135,-392863.79234973335,86444.36682536946,KR10,-238576.07898,-78316.00271138648,True
2025-02-24,-699537.5214906209,-933622.612787928,-460808.3414407361,KR10,-788489.2363399998,-88951.71484937891,True
2025-03-03,7491.897613958999,-222184.57193578235,242838.6363774624,KR10,-63632.41798,-71124.31559395899,True
2025-03-10,-756.3656512968607,-234965.5808622896,226362.40369169228,KR10,-28873.09508999999,-28116.729438703132,True
2025-03-17,-52810.77836074966,-283649.0458079785,181122.74230060776,KR10,-73988.98644000001,-21178.208079250348,True
2025-03-24,-32201.62744727256,-258713.07167024788,208514.48332105108,KR10,-114439.55957999978,-82237.93213272722,True
2025-03-31,1178169.7191954914,937183.884861235,1407306.3016101902,KR10,1199388.65894,21218.939744508592,True
2025-04-07,-4683.629421533761,-247182.57694869995,234229.86902855823,KR10,-243087.14271,-238403.51328846623,True
2025-04-14,-51694.13140260075,-286136.43398854515,177938.46157151682,KR10,-167022.37680000003,-115328.24539739927,True
2025-04-21,-3522253.852159822,-3757001.184401708,-3289807.4063710896,KR10,-3535349.13282,-13095.280660178047,True
2025-04-28,2203650.662273427,1983916.4012393332,2425240.8307959987,KR10,2233951.69395,30301.031676573213,True
2025-05-05,-437503.93152189907,-687684.2140424228,-202460.99339489584,KR10,-187012.25594,250491.67558189906,False
2025-05-12,-64441.95917085418,-314419.64800573105,172597.3613067708,KR10,-112495.14133,-48053.18215914582,True
2025-05-19,-1652985.2597236012,-1884118.744473898,-1443905.9636696167,KR10,-1555693.06288,97292.19684360106,True
2025-05-26,2594243.054746687,2355523.4762617294,2820816.6610774347,KR10,2669094.41899,74851.3642433132,True
2025-06-02,29311.01421978783,-197952.81002667086,259661.11183548937,KR10,-12700.64964,-42011.663859787834,True
2025-06-09,19394.486943326436,-197728.67944365655,250591.94695216665,KR10,216410.823,197016.33605667358,True
2025-06-16,44382.789754533944,-185491.75090949255,286337.1048573948,KR10,-14311.04610999999,-58693.83586453393,True
2025-06-23,-1648937.6471936763,-1878694.3969401263,-1409872.8974095057,KR10,-1628890.50812,20047.13907367643,True
2025-06-30,2575714.226809273,2327677.0728012966,2800706.672180823,KR10,2592039.31975,16325.092940726783,True
2025-07-07,-110575.33167399502,-355727.5439163281,122569.55043691395,KR10,-138592.05344999998,-28016.721776004953,True
2025-07-14,-132473.12401506392,-351822.1891307007,93428.54903208408,KR10,78261.19397000001,210734.31798506394,True
2025-07-21,-4983282.069878231,-5219453.508225103,-4755093.600227654,KR10,-5044408.84028,-61126.77040176932,True
2025-07-28,3246104.4103390453,3024816.516046922,3492275.5163817937,KR10,3122905.15547,-123199.25486904522,True
2025-08-04,-663569.7068172459,-889973.5284415572,-428716.73077286367,KR10,-830881.80265,-167312.09583275404,True
2025-08-11,-60401.06371937938,-310046.83277616714,170479.16353773343,KR10,-179541.31877,-119140.25505062063,True
2025-08-17,-426855.82354801387,-660268.5993038809,-188856.08711131016,KR10,,,False
2025-08-24,748892.4514847723,325679.3231696539,1120942.9748273892,KR10,,,False
2025-08-31,852332.5218523507,-27664.705748891174,1704854.5619250764,KR10,,,False
2025-09-07,11888.243684322602,-214622.28284721987,267011.52652552165,KR10,,,False
2025-09-14,-5491.233992037797,-240407.18149773797,229055.30183880762,KR10,,,False
2025-09-21,-1945786.3714352725,-9327717.971636673,5893446.766357374,KR10,,,False
2025-09-28,1129333.7505681873,-5725058.096088995,7450547.029275395,KR10,,,False
2025-10-05,-181287.06541798226,-1725711.9307250322,1453701.6720691628,KR10,,,False
2025-10-12,-37634.7127287411,-533647.1706826695,490255.69546743855,KR10,,,False
2025-10-19,-650522.947991522,-13270320.508822773,12534150.937342329,KR10,,,False
2025-10-26,445206.1418464535,-15627166.579275846,15683904.940109337,KR10,,,False
2025-11-02,-20842.7782104999,-1649366.1221022655,1799485.2113158563,KR10,,,False
2025-11-09,78.93355416806685,-265925.37958764867,280587.24548778153,KR10,,,False
2025-11-16,12404.136028044197,-1088821.6754619677,1207796.8573726702,KR10,,,False
2025-11-23,11197.183086146386,-595723.2099479215,661162.6620852624,KR10,,,False
2025-11-30,-342163.6314987105,-13995793.541142724,12486210.588522147,KR10,,,False
2025-12-07,6866.893894418774,-302764.3319960269,329269.28047261416,KR10,,,False
2025-12-14,28017.614119854145,-736909.2255646741,870320.6206785241,KR10,,,False
2025-12-21,1874127.6526561389,-42554687.12955624,50940548.42487662,KR10,,,False
2025-12-28,-1442505.61334937,-36152976.816464834,29812409.62720588,KR10,,,False
2026-01-04,362891.29769976303,-7036799.833519742,8551406.470709534,KR10,,,False
2026-01-11,70184.01461616841,-1311807.186052536,1595535.0891732895,KR10,,,False
2026-01-18,1688197.1730765156,-30133070.480108816,37200920.91012025,KR10,,,False
2026-01-25,-2334137.57079927,-49339922.299045704,40047100.44921779,KR10,,,False
2026-02-01,-9568.29037354724,-308081.0414302351,279433.3061998643,KR10,,,False
2026-02-08,919.8412815308847,-246258.2131764073,239921.61087532932,KR10,,,False
2024-12-30,90805.53597785576,-341716.7408927766,471797.06566942885,MY10,-6133.672,-96939.20797785577,True
2025-01-06,-16869.83994978302,-418087.6682949975,378448.81645019364,MY10,-9477.589480000002,7392.250469783019,True
2025-01-13,-30809.522910016804,-437222.71179983777,353924.54827553063,MY10,-11302.90139,19506.6215200168,True
2025-01-20,-587624.7971994855,-1024865.6102425092,-173983.5555003814,MY10,-655586.9580699999,-67962.16087051446,True
2025-01-27,331675.46942151163,-118128.4448914321,765356.9792443686,MY10,640460.03229,308784.56286848837,True
2025-02-03,-19843.895179935018,-437771.5430189242,386923.24137274764,MY10,-24244.38445,-4400.489270064983,True
2025-02-10,-18925.423869197537,-419361.88421692094,396908.7442495413,MY10,-42798.04129,-23872.617420802464,True
2025-02-17,-510208.6495140993,-904391.9968371136,-100062.97553915215,MY10,-13213.34591,496995.3036040993,False
2025-02-24,450411.32060313993,35062.66232246461,864131.4018117061,MY10,115700.97612000012,-334710.3444831398,True
2025-03-03,-69619.84184802006,-492867.35177241784,363053.2107342797,MY10,-48815.94842,20803.893428020063,True
2025-03-10,-67389.06275686629,-478947.9462070275,374474.5294023623,MY10,-40304.13078,27084.93197686629,True
2025-03-17,14278.841289367067,-374779.67704316124,440780.80294231715,MY10,-11614.73377,-25893.575059367067,True
2025-03-24,-292515.93771803024,-719303.924569684,134055.6535248169,MY10,-735466.24612,-442950.3084019698,False
2025-03-31,404591.0574827602,4707.880317622382,803180.6382412951,MY10,685173.71953,280582.6620472398,True
2025-04-07,-20649.08261898325,-421043.01548544987,408308.4658351768,MY10,-20863.41362,-214.3310010167479,True
2025-04-14,-94448.19637795564,-526446.4183939996,318827.976787762,MY10,-49691.63507,44756.56130795564,True
2025-04-21,-1337638.70156241,-1767014.908567829,-929117.2764418096,MY10,-1479308.60771,-141669.9061475899,True
2025-04-28,649004.6048440144,249462.72712578633,1041093.3804953529,MY10,620889.77089,-28114.83395401435,True
2025-05-05,-69400.89506344762,-490641.62793513737,348931.1293116984,MY10,-87418.67095999999,-18017.775896552368,True
2025-05-12,-18562.089772314954,-440665.71652019164,396249.13370401127,MY10,-24515.87706,-5953.787287685045,True
2025-05-19,-469702.3400193818,-872836.7860206333,-51240.50623082121,MY10,-688708.47752,-219006.13750061818,True
2025-05-26,470573.2075505556,48974.898387385045,871397.5603997429,MY10,750458.86311,279885.65555944445,True
2025-06-02,-17604.39687915439,-454655.5550076621,412250.05691736663,MY10,-61423.74545,-43819.348570845614,True
2025-06-09,-76370.27820579392,-496981.48024810513,356761.41263230814,MY10,-54742.56598,21627.71222579392,True
2025-06-16,15993.745534943995,-381331.9206354376,448045.07201785914,MY10,-20568.28983,-36562.03536494399,True
2025-06-23,-471520.71099188185,-907832.6689166721,-86003.99508517784,MY10,148888.00413999998,620408.7151318819,False
2025-06-30,374404.32350676565,-14454.913016406275,798556.7321211569,MY10,-48814.96408,-423219.28758676565,False
2025-07-07,561.325974256581,-385699.2207226097,452740.54276165366,MY10,-28571.34171,-29132.667684256583,True
2025-07-14,-63951.59444479089,-484415.80454771616,358868.6224064152,MY10,-56167.21932,7784.375124790895,True
2025-07-21,-887187.6209854134,-1297609.222931944,-492024.772342935,MY10,-1044470.51775,-157282.89676458656,True
2025-07-28,443734.2423065175,45026.55279113064,814044.9336514719,MY10,504765.57042,61031.32811348251,True
2025-08-04,-68648.86619910729,-500513.2281818635,343548.12879533484,MY10,-12988.48729,55660.37890910729,True
2025-08-11,-14078.032008019418,-420562.08540999726,401401.7044577374,MY10,-66946.42626,-52868.39425198057,True
2025-08-17,-4352.7583963080915,-436320.1419833201,418673.98631033755,MY10,,,False
2025-08-24,-2076.5977747353654,-398567.2464139742,425100.1290219186,MY10,,,False
2025-08-31,176070.4185546306,-272787.0594444253,578677.1985472664,MY10,,,False
2025-09-07,-10480.332533678773,-402430.14610592404,440670.5848580698,MY10,,,False
2025-09-14,-23627.403751781505,-443889.30643227726,390984.33702398854,MY10,,,False
2025-09-21,-577928.1602908553,-995033.7493382482,-132474.18216896264,MY10,,,False
2025-09-28,294955.6353365535,-137805.68231955645,710619.4861668802,MY10,,,False
2025-10-05,-3271.5596418096266,-426631.68606132164,392692.6913395567,MY10,,,False
2025-10-12,-1333.495013448472,-399253.0022688377,405758.966221237,MY10,,,False
2025-10-19,-266913.4012056305,-705851.9246601104,202252.27882899885,MY10,,,False
2025-10-26,220548.6696358962,-224622.7887940209,663057.1217600536,MY10,,,False
2025-11-02,-19677.43734288789,-435967.93597894494,418509.17566130863,MY10,,,False
2025-11-09,-15708.791922810084,-438601.1006731144,391993.58890677703,MY10,,,False
2025-11-16,11555.85847944337,-404622.0247631767,385483.6164557228,MY10,,,False
2025-11-23,-69083.77968238306,-473790.6850465492,334803.98636589805,MY10,,,False
2025-11-30,95006.05428352994,-317313.507096089,540920.7885058916,MY10,,,False
2025-12-07,1424.9562236426593,-397964.98121330386,405511.8714098817,MY10,,,False
2025-12-14,-11075.917310631161,-424512.14671934774,442062.21162782883,MY10,,,False
2025-12-21,-190454.19869115017,-800943.8533552218,428347.46559530916,MY10,,,False
2025-12-28,83595.73385767233,-419502.6871420942,584198.8613905074,MY10,,,False
2026-01-04,-4416.141739560883,-381645.98517094686,413167.4883127168,MY10,,,False
2026-01-11,506.34861414796615,-402781.2449372712,453373.56200600276,MY10,,,False
2026-01-18,-23361.117038038403,-501908.5452952993,497929.2616409131,MY10,,,False
2026-01-25,12879.21541970103,-499790.13150874956,524224.7173188199,MY10,,,False
2026-02-01,-10.38547043690687,-394268.74891443865,396266.5810745408,MY10,,,False
2026-02-08,1700.7109623364702,-405253.68080093106,414469.3270818439,MY10,,,False
2024-12-30,64504.5788308847,-101320.53881396956,223137.36855750848,PH10,-35797.79559,-100302.3744208847,True
2025-01-06,-67062.95460797528,-226084.99577303202,80951.5492617538,PH10,-38998.33932,28064.615287975277,True
2025-01-13,-77530.60275776555,-230052.7216469065,90178.73049113534,PH10,-78572.53911,-1041.9363522344502,True
2025-01-20,-133814.50127330466,-298965.1001532356,28684.661694163235,PH10,-181014.23372,-47199.73244669533,True
2025-01-27,169874.38016788117,16819.329189059295,328839.33523331035,PH10,164588.42745999998,-5285.952707881195,True
2025-02-03,-39076.623975715745,-191639.19465737112,122351.3075040478,PH10,-28732.85075,10343.773225715744,True
2025-02-10,-46763.760667341216,-203336.1830892757,110351.10115953673,PH10,-64221.63368,-17457.873012658783,True
2025-02-17,-17993.069065443862,-185755.8453640843,140653.96568988712,PH10,-37580.55313,-19587.484064556138,True
2025-02-24,104228.8404597835,-60207.07111904197,264140.90637632064,PH10,167676.44960999998,63447.60915021648,True
2025-03-03,-89339.78515919644,-251251.5972939939,81339.3927081612,PH10,-56304.4197,33035.365459196444,True
2025-03-10,-107973.98674294521,-262734.48035652784,47229.95766438901,PH10,-131428.33375,-23454.347007054777,True
2025-03-17,5085.04012530515,-155348.55866110753,176681.82225908653,PH10,-20884.28955,-25969.32967530515,True
2025-03-24,-30128.504221991574,-208102.5413669531,128935.01270665025,PH10,-291559.16946,-261430.66523800843,False
2025-03-31,136508.82493771304,-36503.84059394255,316633.77793147333,PH10,244859.3983,108350.57336228696,True
2025-04-07,-65226.41464454736,-226592.26620879996,116811.55601134237,PH10,-79589.88629,-14363.471645452635,True
2025-04-14,-103086.55134379554,-274330.2233152714,53875.49196849833,PH10,-172828.98048000003,-69742.42913620449,True
2025-04-21,-172922.30767912033,-322830.323929525,-3829.3433281218267,PH10,-72937.57750999999,99984.73016912035,True
2025-04-28,205070.86842015243,35715.274330933134,359560.5640076595,PH10,28845.929530000038,-176224.93889015238,False
2025-05-05,-71854.48048636607,-240446.20043438056,81787.29499902618,PH10,-52107.59402,19746.88646636607,True
2025-05-12,-60318.25539593811,-204928.20809922254,103056.58315326156,PH10,-112582.98139,-52264.72599406189,True
2025-05-19,18457.872824834478,-141371.2746866587,183485.49876525105,PH10,26283.199680000016,7825.326855165538,True
2025-05-26,111459.19042533867,-54895.34842474025,278805.9024215783,PH10,198085.91401,86626.72358466133,True
2025-06-02,-79420.86175935196,-250378.34036112108,97615.69471436927,PH10,-215159.29519000003,-135738.43343064806,True
2025-06-09,-145716.70003167118,-316771.76548486314,22316.29100519744,PH10,-83478.94694,62237.753091671184,True
2025-06-16,-32973.420123620344,-206083.8635707726,122902.89740160153,PH10,-7286.8668,25686.553323620345,True
2025-06-23,-92104.20444539218,-253071.44891373496,64820.67834658126,PH10,45781.52762999999,137885.73207539218,True
2025-06-30,219496.90574947905,57751.83137601079,381254.6801231706,PH10,323306.47429999994,103809.5685505209,True
2025-07-07,-56482.98941607398,-224426.5859722535,106295.18368770673,PH10,-131272.31985,-74789.33043392602,True
2025-07-14,-116329.72805012266,-280500.0765794165,53622.58406716781,PH10,-38240.75908,78088.96897012266,True
2025-07-21,-187142.6465865797,-338977.40820016543,-29759.846154144645,PH10,-228270.52218,-41127.87559342029,True
2025-07-28,226856.4567109008,79640.4737940814,386131.2113488501,PH10,243258.87883,16402.42211909921,True
2025-08-04,-116848.57039264373,-278946.6548743528,40017.09143813798,PH10,-50606.32688,66242.24351264373,True
2025-08-11,-86554.8705281304,-252362.4051079991,72005.14839302411,PH10,-73418.96065,13135.909878130406,True
2025-08-17,-15712.487983520485,-181653.64418173098,153697.50284127376,PH10,,,False
2025-08-24,-43776.09434417279,-199924.20775679345,108626.0675623372,PH10,,,False
2025-08-31,61051.3576217271,-91637.26629793317,216437.4556708134,PH10,,,False
2025-09-07,-185238.6509273964,-335048.6290804875,-36491.45271553772,PH10,,,False
2025-09-14,-203875.495317836,-353777.4105471008,-32718.240138416,PH10,,,False
2025-09-21,-305337.79473106697,-459909.0812880018,-139263.0423048862,PH10,,,False
2025-09-28,241977.19916707656,83326.23785100713,408625.0981476145,PH10,,,False
2025-10-05,-133545.59523242296,-306510.9210128057,35422.209588489146,PH10,,,False
2025-10-12,-147228.2174017952,-304298.18208729255,8698.1513203986,PH10,,,False
2025-10-19,-97050.08693646059,-256220.95212332415,51439.758116719255,PH10,,,False
2025-10-26,113861.89132939435,-50096.94537138271,279819.27058628574,PH10,,,False
2025-11-02,-220465.12618917174,-371537.4563519672,-56090.291375083965,PH10,,,False
2025-11-09,-251674.7732298886,-413350.9638137549,-91045.99028710686,PH10,,,False
2025-11-16,-60282.37236062976,-234717.96489796814,107243.97399238148,PH10,,,False
2025-11-23,-120084.58104784726,-281891.0274891705,41986.61326648107,PH10,,,False
2025-11-30,156238.35695237998,-925.39455401564,325362.9682095723,PH10,,,False
2025-12-07,-178795.608802636,-346082.2984574025,-14805.500563870684,PH10,,,False
2025-12-14,-240789.84736181298,-396991.86066491675,-71247.05656932545,PH10,,,False
2025-12-21,-353913.8110770941,-521519.74321338773,-204480.41820331017,PH10,,,False
2025-12-28,257335.3222477251,106550.07981055531,425250.8600118355,PH10,,,False
2026-01-04,-189711.91191327508,-351509.96483353316,-28682.474105620855,PH10,,,False
2026-01-11,-171397.7809443951,-321107.24820549233,-2680.846208887047,PH10,,,False
2026-01-18,-46873.56922077106,-207044.04461341942,114260.95481526363,PH10,,,False
2026-01-25,98504.92974007218,-61126.95404564437,257450.7760836343,PH10,,,False
2026-02-01,-201957.4308502564,-364466.62250090594,-44387.582803734535,PH10,,,False
2026-02-08,-305167.6815819972,-472004.074691882,-145263.06221800664,PH10,,,False
2024-12-30,282.342736740062,-44688.00561905306,46312.325502079024,SS10,-416.1808,-698.5235367400619,True
2025-01-06,-41664.27985525644,-87753.5829713962,3399.0831558826894,SS10,-20055.52044,21608.75941525644,True
2025-01-13,49185.035822069345,4430.945843367748,94276.97796009453,SS10,37470.01066,-11715.025162069345,True
2025-01-20,149011.16011278273,103037.10037160783,191659.95682261305,SS10,166560.12231,17548.962197217275,True
2025-01-27,16942.044776281233,-30270.01132102585,61563.64342884919,SS10,-25447.84145,-42389.88622628123,True
2025-02-03,-6223.011068829786,-51215.7974684522,40028.08889879834,SS10,-2729.90869,3493.102378829786,True
2025-02-10,-18919.261622377384,-62707.163672234936,26100.148538779915,SS10,-13621.12441,5298.137212377384,True
2025-02-17,-14146.72210936349,-61466.64312834706,30329.067345048392,SS10,-3621.20386,10525.518249363491,True
2025-02-24,12237.442296994883,-33918.25710043205,59346.58702252689,SS10,-47723.29385,-59960.73614699488,False
2025-03-03,-590.7624461063705,-49972.39150158656,45014.50334138469,SS10,13966.447869999996,14557.210316106366,True
2025-03-10,-26178.32738803765,-70332.83252893398,19479.32266066513,SS10,3782.9599,29961.287288037653,True
2025-03-17,28562.21270064439,-19862.91692354748,75036.87945983047,SS10,-6367.04803,-34929.26073064439,True
2025-03-24,-272582.8014210976,-316788.2238210615,-227377.8327614367,SS10,-286763.68256,-14180.88113890239,True
2025-03-31,-21328.000203875803,-68219.63669456818,25708.399044516416,SS10,-9429.10138,11898.898823875803,True
2025-04-07,70516.53252898502,25651.30789144524,116553.11826430738,SS10,77687.89438,7171.361851014983,True
2025-04-14,-9894.26865511574,-57069.56965361935,35535.26305320786,SS10,-9848.55842,45.71023511574094,True
2025-04-21,-67518.42548614785,-112291.63128888281,-21903.517164813173,SS10,-59639.53229,7878.893196147852,True
2025-04-28,5606.957509424379,-40362.5406899677,52227.4997309151,SS10,-30456.56117,-36063.51867942438,True
2025-05-05,-6722.860190496652,-53702.335359232784,38479.38745151902,SS10,-8788.128400000001,-2065.2682095033497,True
2025-05-12,68226.99424981305,23357.98962011404,112421.19716723726,SS10,77902.43638,9675.442130186944,True
2025-05-19,416082.71881066466,371508.3615044822,461365.17597346695,SS10,421752.23276,5669.51394933532,True
2025-05-26,35486.889105041824,-11127.357339334345,81895.34674453664,SS10,62163.78823,26676.899124958174,True
2025-06-02,7678.132349963132,-37564.13611998796,53719.024818385114,SS10,-29375.45689,-37053.589239963134,True
2025-06-09,-22912.819517734624,-71065.81251830913,23777.01990765579,SS10,-5136.22579,17776.593727734624,True
2025-06-16,-10593.59253276744,-54733.87574699438,31693.891808669883,SS10,41908.18827,52501.78080276744,False
2025-06-23,-46200.480333670974,-91081.03096904382,3059.1133030197684,SS10,-39470.76059,6729.719743670976,True
2025-06-30,2573.638309274988,-40960.65578550205,46767.512374174294,SS10,-32202.26897,-34775.90727927499,True
2025-07-07,-16674.1775410338,-62906.28544726768,26703.60585476588,SS10,-13246.74261,3427.434931033802,True
2025-07-14,-17460.69348109905,-61012.88567881924,27542.697657286622,SS10,-436.42931,17024.26417109905,True
2025-07-21,-59321.25281433352,-102994.10632830791,-11981.560645019872,SS10,-68671.86866000001,-9350.615845666485,True
2025-07-28,-37582.15828963155,-86133.23236591484,6575.854285539429,SS10,-44158.21897,-6576.0606803684495,True
2025-08-04,19953.836714107267,-22759.271568615863,64774.39328761276,SS10,2563.2494100000004,-17390.587304107266,True
2025-08-11,-29927.73526941559,-75814.36435337382,12336.552274472395,SS10,-12146.3484,17781.38686941559,True
2025-08-17,-192046.5192874939,-240461.6576127727,-150192.06352450355,SS10,,,False
2025-08-24,364691.36603770417,321411.6081325541,411381.7860925939,SS10,,,False
2025-08-31,841.737058177329,-44804.24473817836,45964.52567608131,SS10,,,False
2025-09-07,-72105.91354738346,-122103.57364895262,-23377.094719522294,SS10,,,False
2025-09-14,112787.6400273999,66398.85219308289,158535.19635958094,SS10,,,False
2025-09-21,459124.92847656674,386456.6199355049,532575.4066452113,SS10,,,False
2025-09-28,74678.2929989242,28561.53869933254,124249.21754299803,SS10,,,False
2025-10-05,-41815.97662822002,-88793.61553853347,5547.934426838455,SS10,,,False
2025-10-12,-252671.86290324142,-326077.09206777613,-190812.40131997282,SS10,,,False
2025-10-19,-1195593.0404086588,-1464059.6324774118,-949003.864629433,SS10,,,False
2025-10-26,-279213.81533728953,-356739.1185532843,-204514.02853968847,SS10,,,False
2025-11-02,7254.57025870621,-38864.01441217123,51124.920783660666,SS10,,,False
2025-11-09,191525.95530226696,126059.09910583832,260919.5474792373,SS10,,,False
2025-11-16,-160131.02354817462,-220751.07886430094,-94572.11516712468,SS10,,,False
2025-11-23,1278600.6789337036,911149.7890263939,1658936.9109930904,SS10,,,False
2025-11-30,88285.22017400994,31357.738993323863,140541.95720033484,SS10,,,False
2025-12-07,-256990.3414278418,-345480.4032936963,-162967.0252609788,SS10,,,False
2025-12-14,39584.39543177959,-6891.590218391234,87199.27550459375,SS10,,,False
2025-12-21,278549.4433816707,171561.7294094758,377258.61550579447,SS10,,,False
2025-12-28,-23060.593822050057,-67794.85429740806,25445.137647877116,SS10,,,False
2026-01-04,32295.86661987827,-12719.650848276393,77505.77883027766,SS10,,,False
2026-01-11,-330840.14200281864,-465255.7174354529,-192617.25177599207,SS10,,,False
2026-01-18,-2142116.4393098354,-2942800.883498158,-1286497.0714616925,SS10,,,False
2026-01-25,-228029.28551803555,-325975.74519332213,-127185.24540102763,SS10,,,False
2026-02-01,-63740.459830051564,-114334.97155812135,-13356.867838591303,SS10,,,False
2026-02-08,278122.32830730773,148163.1174661432,407835.7598817232,SS10,,,False
2024-12-30,43731.974352790916,-299030.7981957207,386856.3650764406,TH10,-21898.08836,-65630.06271279091,True
2025-01-06,42954.39300818616,-297448.2790036604,377617.1213243202,TH10,-80161.15298,-123115.54598818616,True
2025-01-13,-3625.177191494951,-336505.1480486754,319695.86940026196,TH10,-53202.19397,-49577.01677850505,True
2025-01-20,-260274.4585245515,-619775.4616723288,72811.08419492251,TH10,-384603.61653,-124329.1580054485,True
2025-01-27,169819.38987803113,-175865.1465117592,541237.1212997681,TH10,429455.22819,259635.83831196887,True
2025-02-03,54801.02011179802,-292516.1491039488,394968.8652151641,TH10,-62673.56516,-117474.58527179802,True
2025-02-10,4877.976566501686,-337082.44440852513,330639.6413595696,TH10,-80025.06984,-84903.04640650169,True
2025-02-17,-416591.3198770028,-781670.2017156756,-77212.54976198993,TH10,-84330.68566999999,332260.6342070028,True
2025-02-24,154207.98402770283,-168449.45474787257,484111.9895821616,TH10,357127.07527000003,202919.0912422972,True
2025-03-03,-89229.53540913004,-450721.0216455666,253565.73547565742,TH10,-53883.38729,35346.14811913004,True
2025-03-10,-111553.01981495852,-435314.0766772746,223581.38134929677,TH10,-81437.44674,30115.57307495852,True
2025-03-17,-206453.55368329716,-547963.6893246548,144548.20080944663,TH10,-60165.19082,146288.36286329717,True
2025-03-24,-162868.80221434165,-494993.2595118543,186863.66729708703,TH10,-580501.01488,-417632.2126656584,False
2025-03-31,797522.0284901304,458604.699122109,1139604.5985059738,TH10,789848.09265,-7673.935840130434,True
2025-04-07,501930.864962717,178157.2640415698,841529.2771228097,TH10,668231.0418199999,166300.17685728293,True
2025-04-14,35329.92829804362,-299664.207176341,366650.9908810571,TH10,-52024.27957,-87354.20786804362,True
2025-04-21,-1637912.8112785323,-1981337.178127142,-1281571.7353140311,TH10,-1568099.39866,69813.41261853231,True
2025-04-28,667234.2072776208,318786.5751771621,1011844.2815672248,TH10,524528.4518100001,-142705.75546762068,True
2025-05-05,-11795.110312368011,-360961.0271753933,349291.14407859807,TH10,-86689.29738,-74894.187067632,True
2025-05-12,-87001.27971180236,-446263.167126819,248458.47022677565,TH10,-60887.37358,26113.90613180236,True
2025-05-19,-1278728.515959087,-1651839.9780102153,-919413.4670214434,TH10,-1472485.74848,-193757.232520913,True
2025-05-26,421249.4593389101,81056.49109437832,793118.3919190372,TH10,522485.36398,101235.9046410899,True
2025-06-02,33514.85716032126,-320991.8464761673,394822.07830080995,TH10,-41427.00077,-74941.85793032126,True
2025-06-09,-66440.58631076684,-415352.3092152966,294060.3694919501,TH10,-221218.3826,-154777.79628923317,True
2025-06-16,-158138.3703619546,-470728.2472085941,193078.7927952355,TH10,-96183.40279,61954.96757195462,True
2025-06-23,-276032.2501104481,-594447.085036979,74828.7839643157,TH10,48780.93084,324813.1809504481,True
2025-06-30,363596.94935912866,-2235.173588231928,712043.4194896122,TH10,741065.61265,377468.66329087137,False
2025-07-07,108811.26252651752,-245113.63608543217,444336.0821071847,TH10,-82116.28037,-190927.5428965175,True
2025-07-14,1137.278805472572,-346186.80425082985,346064.90720992227,TH10,-100944.57365,-102081.85245547257,True
2025-07-21,245826.0216464532,-97844.34179003045,594678.9859176021,TH10,417596.39925,171770.3776035468,True
2025-07-28,-150137.40610947105,-509397.63519800076,188236.71802314513,TH10,-36064.77193,114072.63417947105,True
2025-08-04,92292.01014308445,-265635.84291397064,430493.7068437324,TH10,-160880.6301,-253172.64024308446,True
2025-08-11,101989.55420881996,-245438.65511494502,454123.6203922015,TH10,-27971.28644,-129960.84064881995,True
2025-08-17,311447.9964897016,-36611.7173313284,674731.9563855482,TH10,,,False
2025-08-24,-62052.330822061325,-431052.3391004902,276108.86102980614,TH10,,,False
2025-08-31,-954125.4185589112,-1325459.0497380437,-591775.7185156973,TH10,,,False
2025-09-07,-611215.5483861092,-925141.9151219799,-241646.7474311339,TH10,,,False
2025-09-14,-282.0553717936837,-331550.282996169,338946.22849451733,TH10,,,False
2025-09-21,2281541.521040494,1767272.2772757914,2766085.941455012,TH10,,,False
2025-09-28,-1399751.2558267456,-1779967.4028214545,-948055.8477536514,TH10,,,False
2025-10-05,-452016.9273214089,-803579.225650713,-102247.66230559655,TH10,,,False
2025-10-12,-89116.56151410591,-436116.9052706993,235111.58146746512,TH10,,,False
2025-10-19,2637930.348458899,1923014.6974522267,3270278.7261064695,TH10,,,False
2025-10-26,-946085.017457592,-1351251.1932358,-510805.9886831129,TH10,,,False
2025-11-02,393829.30064968363,33097.48790531967,740935.1440798374,TH10,,,False
2025-11-09,461450.012824927,65604.78332878374,865652.4341123116,TH10,,,False
2025-11-16,849680.7105706572,425053.4856634076,1244799.2769195756,TH10,,,False
2025-11-23,610614.5692990661,225890.53437690466,969594.8740033064,TH10,,,False
2025-11-30,-3322847.0479641138,-4291936.155635983,-2151095.503346322,TH10,,,False
2025-12-07,-2046914.816245024,-2709578.9389668545,-1269899.372138173,TH10,,,False
2025-12-14,-227975.60298207428,-592226.1183795461,116964.19902721248,TH10,,,False
2025-12-21,5873103.092153944,3566565.849345316,7822898.969241559,TH10,,,False
2025-12-28,-2470246.285273673,-3349714.3699893476,-1465753.6936834692,TH10,,,False
2026-01-04,-67356.30853605949,-425881.02352176275,295545.26742863155,TH10,,,False
2026-01-11,181802.0030744918,-187085.28593293764,533487.4039004665,TH10,,,False
2026-01-18,4122567.413716382,2367626.2946464024,5642879.453761705,TH10,,,False
2026-01-25,-1773467.7097327204,-2547447.1589205805,-951867.8086256718,TH10,,,False
2026-02-01,-284153.4059053971,-647786.1550048984,100496.29557501033,TH10,,,False
2026-02-08,259159.8812017212,-120415.05183436538,607304.1778033109,TH10,,,False
2024-12-30,96415.04628402553,-1611980.5709102803,1651219.9236423168,TW10,132676.49745999998,36261.45117597445,True
2025-01-06,-88097.71073447213,-1736866.85069004,1486048.0997268865,TW10,-215201.70995,-127103.99921552786,True
2025-01-13,-62220.64168351958,-1658476.6046219228,1521181.7720499968,TW10,-556464.1521599999,-494243.51047648035,True
2025-01-27,634460.625984474,-1048197.2120855895,2323440.089672952,TW10,-227689.4243000001,-862150.050284474,True
2025-02-03,-86518.72153192222,-1797137.2665350928,1666536.7227749783,TW10,-131716.22804,-45197.50650807777,True
2025-02-10,-129546.6293588011,-1846564.4320780376,1590842.9931541895,TW10,-162931.88038000002,-33385.251021198914,True
2025-02-17,-743947.0083648245,-2432043.8729215367,928447.4988172842,TW10,-363345.58166,380601.42670482444,True
2025-02-24,950004.2959080462,-620321.8388001198,2641882.0694310497,TW10,1214750.65761,264746.3617019539,True
2025-03-03,-4466.14133243325,-1671207.7749179185,1756893.9662167188,TW10,-89772.53701,-85306.39567756675,True
2025-03-10,-84587.7749934044,-1794094.0691674082,1547874.386712067,TW10,-244608.65819,-160020.8831965956,True
2025-03-17,-267532.04862176557,-1804904.2385419765,1503296.9483751026,TW10,-427999.07148,-160467.0228582344,True
2025-03-24,324277.19026410335,-1263680.7753510051,1842274.0518678797,TW10,-2047173.59426,-2371450.784524103,False
2025-03-31,516869.50408128975,-1116533.0174076338,2073680.440393705,TW10,3362173.02183,2845303.5177487102,False
2025-04-07,-294491.0458531615,-1943133.97182233,1390648.1402913628,TW10,-318608.79113,-24117.74527683854,True
2025-04-14,-215471.68131701762,-1929125.787759418,1300948.5235295885,TW10,-256475.294,-41003.61268298238,True
2025-04-21,-1092021.6918584076,-2727542.3724776236,533916.9759424712,TW10,-1843790.28234,-751768.5904815923,True
2025-04-28,1682091.2763961523,29443.165024811104,3331213.4804898803,TW10,2528353.3261800003,846262.049783848,True
2025-05-05,-140156.95165028583,-1723388.6719129712,1580166.6905348569,TW10,-180333.46826,-40176.51660971416,True
2025-05-12,-229240.01483227452,-1967409.1419359867,1374788.0641587144,TW10,-246216.03485,-16976.020017725474,True
2025-05-19,-1363638.686706056,-3001089.86330249,123798.44885309302,TW10,-1302327.63705,61311.04965605587,True
2025-05-26,1703191.1963370852,25715.396959065154,3322667.6049198806,TW10,1335986.6469500002,-367204.549387085,True
2025-06-02,49601.33913733226,-1605436.9682516805,1703082.4940480546,TW10,77747.84926,28146.510122667743,True
2025-06-09,-207741.87311278222,-1920874.7153837297,1485528.7989057072,TW10,-353704.65903,-145962.78591721776,True
2025-06-16,-320146.1330328123,-1978121.5900464873,1346013.4660286196,TW10,-220616.45966,99529.67337281228,True
2025-06-23,127047.6716074445,-1555052.850524024,1738973.3828630096,TW10,1866122.91158,1739075.2399725555,False
2025-06-30,1225533.5217905387,-414121.3277220947,2852717.3608123166,TW10,-663906.8965700001,-1889440.4183605388,False
2025-07-07,-484878.87953243393,-2253194.6743476824,1235827.4514642677,TW10,-244376.48511,240502.39442243392,True
2025-07-14,-413941.08698762377,-2108868.361166136,1188191.1897247932,TW10,-366437.85506,47503.2319276238,True
2025-07-21,-2056878.8516972812,-3737366.01299461,-470804.65234770445,TW10,-2094186.7041,-37307.85240271874,True
2025-07-28,2793717.6684526633,1161742.6103732032,4385638.770355381,TW10,2979997.36199,186279.69353733677,True
2025-08-04,-147293.45995584864,-1803663.6184575977,1519995.55688682,TW10,-291219.95021,-143926.49025415134,True
2025-08-11,-269308.2185629828,-1854693.7669811451,1403859.9842614187,TW10,-129258.0302,140050.18836298282,True
2025-08-17,-340664.7037456671,-1997035.329518247,1327316.6922666852,TW10,,,False
2025-08-24,1887515.4387790284,244794.89510588735,3567014.0892718444,TW10,,,False
2025-08-31,1385839.0261252692,-217914.27648943596,3069594.9082226874,TW10,,,False
2025-09-07,52577.24722031439,-1664248.6937405146,1677684.5721806553,TW10,,,False
2025-09-14,292544.24050645693,-1294807.4310402346,1974771.5280842024,TW10,,,False
2025-09-21,-1043268.4685750521,-2671595.0675009377,593681.8194251441,TW10,,,False
2025-09-28,3759559.078605666,2159338.0033242297,5359764.694732179,TW10,,,False
2025-10-05,322506.10463283584,-1299598.527423421,1967615.9771599895,TW10,,,False
2025-10-12,186937.9986623272,-1488445.842185789,1744089.6115022537,TW10,,,False
2025-10-19,-2149428.749345544,-3712016.7676742706,-573272.8595046025,TW10,,,False
2025-10-26,4234909.4521325985,2586969.6570778396,5893202.696144251,TW10,,,False
2025-11-02,755397.7931698282,-913438.1073233874,2381459.2923673843,TW10,,,False
2025-11-09,506681.80103775515,-1298964.534435536,2122546.823774391,TW10,,,False
2025-11-16,-44695.64099147459,-1753431.9062024555,1693239.0610974138,TW10,,,False
2025-11-23,1803840.8044715887,144853.37505572944,3405196.2465796233,TW10,,,False
2025-11-30,2346721.548535108,688849.9083279164,3952187.650722866,TW10,,,False
2025-12-07,17450.06206999893,-1716333.0189635195,1611915.7213514908,TW10,,,False
2025-12-14,276087.0732398282,-1332470.967563608,2005341.590255361,TW10,,,False
2025-12-21,-2015728.4464257364,-3620536.3029654953,-337056.0638962469,TW10,,,False
2025-12-28,5233271.1465699645,3551663.6394028743,6988841.50072783,TW10,,,False
2026-01-04,560921.2374723876,-1180355.6111194247,2192717.4360960573,TW10,,,False
2026-01-11,367472.1429232633,-1376508.1149221999,1971074.9168607786,TW10,,,False
2026-01-18,-2313955.8552565165,-3996354.1631128485,-664109.3783549464,TW10,,,False
2026-01-25,4938621.150523256,3336095.184658704,6527927.680905648,TW10,,,False
2026-02-01,1089085.2749911065,-541796.9706014519,2730633.1260909233,TW10,,,False
2026-02-08,525880.7673303171,-1109903.5721261133,2182242.2228351464,TW10,,,False
2024-12-30,120397.5638028331,-366431.1094287491,625099.8401491316,VN20,-17112.66683,-137510.2306328331,True
2025-01-06,373991.27529353125,-130502.40816953224,883921.4249310491,VN20,246166.23143,-127825.04386353123,True
2025-01-13,95960.23964822474,-449441.30908778065,614557.3480373038,VN20,191803.33654,95843.09689177525,True
2025-01-27,-565085.5588242286,-1105677.1348465746,-18777.578937377202,VN20,-1102582.7743900002,-537497.2155657716,True
2025-02-03,304702.7863848091,-253796.03045487773,789076.4712047289,VN20,284123.51067,-20579.275714809133,True
2025-02-10,452243.0362962108,-84755.64819440755,975175.932070255,VN20,413946.7684,-38296.267896210775,True
2025-02-17,-341302.4211297797,-909946.9382837579,186297.8206538794,VN20,-782073.3472600001,-440770.92613022035,True
2025-02-24,-412221.56065993424,-947017.5899093167,115710.5410350925,VN20,-195242.02065999992,216979.53999993432,True
2025-03-03,270017.8020171044,-254468.66409231813,785322.4818180142,VN20,-39129.3436,-309147.1456171044,True
2025-03-10,261101.83555061405,-264738.51454536954,751487.6880634697,VN20,205920.42704,-55181.40851061404,True
2025-03-17,-175569.40610789356,-710639.8223069657,339974.3705961992,VN20,-113940.94296999996,61628.4631378936,True
2025-03-24,-496685.01892211166,-1053530.2288626123,-26271.632573064326,VN20,-363956.55424,132728.46468211163,True
2025-03-31,-17544.50994310825,-509133.94125634053,523199.7054989397,VN20,248167.90543,265712.41537310823,True
2025-04-07,309902.79758630047,-194311.0819181292,830905.1826718881,VN20,260390.40943,-49512.38815630047,True
2025-04-14,169911.47282121083,-386713.84532831475,719042.425199622,VN20,-38032.65275,-207944.12557121084,True
2025-04-21,-596449.5371309398,-1116608.0122460586,-104371.87914537906,VN20,-664187.5066,-67737.96946906019,True
2025-04-28,-476659.4558042836,-998997.8831813852,45878.74427348722,VN20,111276.66325,587936.1190542836,False
2025-05-05,215556.51078349692,-297979.71920260205,754875.4247672469,VN20,230493.92339,14937.412606503087,True
2025-05-12,332897.3531178464,-204787.3298451529,829531.2241065912,VN20,445776.66269,112879.30957215361,True
2025-05-19,-209501.64646333788,-726382.2939912977,322228.86756009265,VN20,-8338.279420000006,201163.36704333787,True
2025-05-26,-279777.24378899735,-800136.1399728972,245832.14249082722,VN20,-338482.88277,-58705.638981002674,True
2025-06-02,204308.11261106769,-299236.1887392565,714935.8268737498,VN20,351804.25353,147496.1409189323,True
2025-06-09,192590.238481345,-332885.66526514397,698218.4872082946,VN20,382950.72643,190360.48794865498,True
2025-06-16,-108500.63524753744,-641992.1300843778,376679.79967945605,VN20,-71075.42358,37425.21166753744,True
2025-06-23,-428974.8904869133,-942565.040344194,77058.25041339923,VN20,-863836.2940999999,-434861.4036130866,True
2025-06-30,-108365.25966091774,-619325.7839443227,402402.09888012486,VN20,172855.09884,281220.35850091773,True
2025-07-07,228036.89245075482,-301617.9538848937,738092.5149190793,VN20,368586.48125,140549.5887992452,True
2025-07-14,186310.6900841359,-319046.40641384345,724125.9631351662,VN20,225802.54577000003,39491.85568586414,True
2025-07-21,-379834.9041889614,-888704.8879303187,161273.30829995635,VN20,279446.16651,659281.0706989614,False
2025-07-28,-338374.63129579305,-858014.5429176344,174330.67631069783,VN20,-765604.6935800001,-427230.06228420703,True
2025-08-04,144265.95301775393,-337971.86417138675,671222.3383392104,VN20,443877.00189,299611.04887224606,True
2025-08-11,210718.95782340833,-297468.7721790132,757414.4667390133,VN20,169314.14011,-41404.81771340832,True
2025-08-17,40556.15263298426,-510452.1637156429,542814.2064610246,VN20,,,False
2025-08-24,-90750.33349843984,-615203.3891526517,433644.1666995812,VN20,,,False
2025-08-31,190728.78032891487,-304682.020380076,745545.4320326018,VN20,,,False
2025-09-07,292803.40438014595,-205785.0614196112,834608.1328822322,VN20,,,False
2025-09-14,168016.05266523024,-315633.847330247,686156.9355523421,VN20,,,False
2025-09-21,-208403.74650327303,-739548.5944094931,292603.8200463436,VN20,,,False
2025-09-28,-106851.38865138331,-598230.0844615115,427791.52829946764,VN20,,,False
2025-10-05,230443.32414277815,-272697.3391645903,722807.871872424,VN20,,,False
2025-10-12,277423.56555056537,-242736.19332327586,855739.4454626358,VN20,,,False
2025-10-19,-22033.881534710683,-544193.7650830599,502537.06170224113,VN20,,,False
2025-10-26,-48133.61991989646,-554902.0046236191,476457.8754632638,VN20,,,False
2025-11-02,184011.1341562246,-396580.551640387,710189.0590010358,VN20,,,False
2025-11-09,172533.53257030805,-346420.60983076546,678463.3015124527,VN20,,,False
2025-11-16,26659.58552450727,-493404.40569170745,532285.1957048366,VN20,,,False
2025-11-23,-72596.33075499035,-581321.6196516807,455531.03307277866,VN20,,,False
2025-11-30,66597.59779881123,-434925.16382736346,584107.4734209708,VN20,,,False
2025-12-07,150619.76268788992,-376748.399817076,709589.6203291476,VN20,,,False
2025-12-14,104857.58231975077,-380096.98857920634,638861.3655101092,VN20,,,False
2025-12-21,-86681.06682187843,-596760.9644302852,421224.5064050956,VN20,,,False
2025-12-28,-55011.87111960683,-600451.3285867536,448833.8044166501,VN20,,,False
2026-01-04,90199.8502732503,-405144.34383868903,598093.029652824,VN20,,,False
2026-01-11,102952.72073779402,-378227.4263440117,589678.3316444607,VN20,,,False
2026-01-18,796.3253573874761,-505668.16971522674,514515.63066849497,VN20,,,False
2026-01-25,-10351.923049841433,-526193.340575724,554582.4549802755,VN20,,,False
2026-02-01,51104.40312938795,-465935.6852618828,552587.4154211875,VN20,,,False
2026-02-08,40179.56408790154,-464587.8116458749,521184.43416637706,VN20,,,False
